Group,Sl_No,Name_of_Lab,State,Status,OSL_Code,Recognition_Valid_Upto,Remarks
GROUP-1,1,"AES Laboratories (P) Ltd, Noida",U.P.,Private,8117716,14.02.2027,
GROUP-1,2,"Alpha Test House Private Limited, New Delhi",Delhi,Private,8131026,17.05.2027,Suspension revoked w.e.f. 17-11-2017. Suspended w.e.f. 22 May 2017. Suspension revoked w.e.f. 30-01-2017. (Present status operative) Suspended w.e.f. 16 Nov 2016. Suspension revoked w.e.f. 29 Feb 2016. (Present status operative) Suspended w.e.f. 21 Jan 2016.
GROUP-1,3,"Anacon Laboratories Pvt Ltd, Nagpur",Maharashtra,Private,7124116,15.12.2026,Suspension revoked w.e.f. 23-08-2024 (Present status operative) Suspended w.e.f. 05- 04-2024. Suspension revoked w.e.f. 07-08-2020 (Present status operative) SUSPENDED W.E.F. 31-01-2020 Suspension revoked w.e.f. 05-11-2019.. (Present status operative) Suspended for three months w.e.f. 25-09- 2019. Suspension revoked w.e.f. 09-04-2018. Suspension Cum Deferrment of Renewal of recognition w.e.f. 16- 12-2017 Suspension revoked w.e.f. 21 July 2015. (Present status operative) Suspended w.e.f. 6 July 2015.
GROUP-1,4,"Arbro Pharmaceutical Private Ltd, New Delhi",Delhi,Private,8116816,14.01.2029,Suspension revoked w.e.f. 08-01-2025. (Present status operative) Suspended w.e.f. 06- 12-2024
GROUP-1,5,"Ashwamedh Engineers & Consultants, Nasik",Maharashtra,Private,7130916,13.05.2027,
GROUP-1,6,"Automotive Research Association of India (ARAI), Pune",Maharashtra,Govt.,7106935,11.01.2028,Suspension revoked w.e.f. 07-07-2023. (Present status operative) Suspended w.e.f. 31- 05-2023
GROUP-1,7,"AVON food Lab, Delhi",Delhi,Private,8117816,19.02.2027,Suspension revoked w.e.f 14-12-2022. (Present status operative) Suspended w.e.f. 28- 03-2022 Suspension revoked w.e.f 17-01-2017. Suspended w.e.f. 27- 10-2016.
GROUP-1,8,Atharva Laboratories. Noida,U.P.,Private,8134206,21.07.2028,Suspension revoked w.e.f. 09-03-2026. (Present status operative) SUSPENDED W.E.F. 19-12-2025 Suspension revoked w.e.f. 22-09-2023. (Present status operative) SUSPENDED W.E.F. 01-08-2023 Suspension revoked w.e.f. 01-02-2022. (Present status operative) SUSPENDED W.E.F. 28-12-2021
GROUP-1,9,"Alpha Test House Services LLP, Mohali",Pubjab,Private,9138706,31-12-2026,Suspension revoked w.e.f. 27-05-2026. Suspended w.e.f. 23.04.2026
GROUP-1,10,"Aforeserve Labs Private Limited, Gurgaon",Haryana,Private,9140626,06.06.2027,Suspension revoked w.e.f. 08-12-2023. (Present status operative) Suspended w.e.f. 19.10.2023
GROUP-1,11,"Accurate Test Solutions LLP, Noida",U.P.,Priavate,8141226,04.07.2027,
GROUP-1,12,"Aadco Testing & Research Laboratory Pvt Ltd, Bulandshahar Road, Ghaziabad",U.P.,Private,8141606,26.07.2027,
GROUP-1,13,"Ace Test House Private Limited, New Delhi",Delhi,Private,8161906,26.08.2027,
GROUP-1,14,"ACE Test Labs & Metrology Private Limited, Rai, Sonipat",Haryana,Private,9162826,14.11.2027,
GROUP-1,15,"ABC Techno Labs India Pvt Ltd, Chennai",Tamilnadu,Private,6164516,04.12.2028,
GROUP-1,16,"Atharva Laboratories Pvt Ltd, Noida",U.P.,Private,8165026,23-02-2029,Suspension revoked w.e.f. 18-12-2024. Suspended w.e.f. 07.11.2024.
GROUP-1,17,"AA Electro Magnetic Test Laboratory Pvt ltd, Gurgaon",Haryana,Private,8165826,24.09.2026,
GROUP-1,18,"Ace Test Lab Private Limited, Delhi",Delhi,Private,8166826,07.01.2027,
GROUP-1,19,"AGSS Analytical and Research Lab Pvt Ltd, Delhi",Delhi,Private,8166916,13.01.2027,
GROUP-1,20,"Arihant Analytical Laboratory Pvt Ltd, Kundli, Sonepat",Haryana,Private,9167906,02.06.2027,
GROUP-1,21,"Accurate Labs, Vijayawada",A.P.,Private,6168516,03.08.2027,
GROUP-1,22,"AC Test Lab, Coterd Solotions (OPC) Pvt Limited, Greater Noida",U.P.,Private,8170806,15.07.2028,
GROUP-1,23,"Amit Test and Calibration Centre, Delhi",Delhi,Private,8172006,16.04.2029,
GROUP-1,24,"Analytical Development - R & D, EMAMI Limited, Kolkata",West Bengal,Private,5172106,03.05.2026,
GROUP-1,25,"AIC-AMTZ Medivalley Incubation Council (Medivalley laboratory), Visakhapatnam",Andhra Pradesh,Private,6172206,18.05.2026,
GROUP-1,26,"ATCC Test Labs LLP, Delhi",Delhi,Private,8172626,15.06.2026,
GROUP-1,27,"Accurate Universal Laboratories Private Limited, Ahmedabad",Gujarat,Private,7174006,19.09.2026,
GROUP-1,28,"Astute Labs Pvt Ltd, Pune",Maharashtra,Private,7174321,05.11.2026,
GROUP-1,29,"Absolute Testing Services, Faridabad",Haryana,Private,8174526,13.11.2026,
GROUP-1,30,"Application Research and Development Centre Haldia Petrochemical Limited, Kolkata",West Bengal,Private,5174906,30.11.2026,
GROUP-1,31,"Allumera Engineering Solutions Pvt Ltd, New Delhi",Delhi,Private,8175206,13.12.2026,
GROUP-1,32,"ARDM Labs Pvt Ltd, New Delh",Delhi,Private,8175706,11.01.2027,
GROUP-1,33,"Adarsh Scientific Research Center and Testing Laboratory Pvt. Ltd., Raigad",Maharashtra,Private,7175806,14.01.2027,
GROUP-1,34,"ALS Testing Services India Pvt. Ltd., Bangalore",Karnataka,Private,6175606,11.01.2027,
GROUP-1,35,"Atmy Analytical Labs Private Limited (Unit-2), Greater Noida",Uttar Pradesh,Private,8176106,08.02.2027,
GROUP-1,36,"Accuprec Research Labs. Pvt. Ltd., Ahmedabad.",Gujarat,Private,7176516,28.02.2027,
GROUP-1,37,"Advance Firetec and Research Lab Pvt Ltd., New Delhi",Delhi,Private,8176606,03.03.2027,
GROUP-1,38,"Absolute Expertise Testing Laboratory LLP, New Delhi",Delhi,Private,8176726,11.03.2027,
GROUP-1,39,"Aadco Testing & Research Laboratory Pvt Ltd (Unit-2), Ghaziabad",Uttar Pradesh,Private,8176906,19.03.2027,
GROUP-1,40,"ADS Labtech, Ghaziabad",Uttar Pradesh,Private,8178326,15.05.2027,
GROUP-1,41,"Adityapur Auto Cluster, Jharkhand",Jharkhand,Private,5178506,28.06.2027,
GROUP-1,42,"Ajeo Testing Labs Pvt. Ltd., Ghaziabad",Uttar Pradesh,Private,8178606,10.07.2027,
GROUP-1,43,"Aaditech Test and Calibration Lab LLP., Rohini",Delhi,Private,8179926,28.08.2027,
GROUP-1,44,"ALAIPURIA TEST HOUSE PRIVATE LIMITED, Ghaziabad",Uttar Pradesh,Private,8180426,03.10.2027,
GROUP-1,45,"Advance Electrical Testing And Calibration Lab LLP, Vadodara",Gujarat,Private,7182426,17.11.2027,
GROUP-1,46,"Aadit Fire Testing Laboratory Pvt Ltd, Thiruvallur",Tamil Nadu,Private,6182836,27.11.2027,
GROUP-1,47,"ABB ELSP LAB, Bengaluru",Karnataka,Private,6184126,05.03.2028,
GROUP-1,48,AANKAN CALIBRATION AND TESTING CENTRE LLP,Gujarat,Private,7184406,17.03.2028,
GROUP-1,49,"ALPHA TEST HOUSE SERVICES LLP (Unit-1), Mohali",Punjab,Private,9184906,23.04.2028,
GROUP-1,50,"AADHAR TESTING SOLUTIONS LLP, Ghaziabad",Delhi,Private,8185026,30.04.2028,
GROUP-1,51,"ALPHA TEST HOUSE PVT LTD, Bahadurgarh",Haryana,Private,8185306,06.05.2028,
GROUP-1,52,"Atckon Laboratories LLP, Bahadurgarh",Haryana,Private,8186436,17.06.2028,
GROUP-1,53,"Akshat Test Lab & Calibration Services, Ghaziabad",UP,Private,8186526,19.06.2028,
GROUP-1,54,"ACE Test House Pvt Ltd, New Delhi",Delhi,Private,8187926,07.09.2028,
GROUP-1,55,"Accumetrix Testing Solutions Pvt. Ltd., Hoshiarpur",Punjab,Private,9188436,18.09.2028,Suspension revoked w.e.f. 18-08-2026. (Present status operative) Suspended w.e.f. 16.07.2026
GROUP-1,56,"ABB Global Industries and Services Pvt. Ltd. - Low voltage breakers and switches testing laboratory, Hyderabad",Telangana,Private,6189726,06.11.2028,Suspended w.e.f. 30.04.2026
GROUP-1,57,"ARYAVRAT TEST HOUSE PRIVATE LIMITED, Howrah",West Bengal,Private,5191706,27.11.2028,
GROUP-1,58,"ACCURATE TEST SOLUTIONS LLP, Noida",Uttar Pradesh,Private,8192806,07.12.2028,
GROUP-1,59,"AADIDEV TEST & RESEARCH CENTRE LLP, North West Delhi",Delhi,Private,8194926,23.12.2028,
GROUP-1,60,Agro Tech Aromatics Pvt Ltd,Jammu & Kashmir,Private,9198106,09.04.2029,
GROUP-1,61,"Alpit Metal Works Laboratory, Aurangabad",Maharashtra,Private,7198436,06.07.2029,
GROUP-1,62,AUMNAMAH RADIOANALYTICAL LABORATORY LLP,Delhi,Private,8198616,20.07.2029,
GROUP-1,63,"AADISHAKTI TESTING &RESEARCH LABORATORIES LLP, Sonipat",Haryana,Private,9198806,06.08.2029,
GROUP-1,64,"Bureau Veritas India Testing Services Private Ltd, Hyderabad",Telangana,Private,6108116,31.03.2027,Suspension revoked w.e.f. 10-08-2026. (Present status operative) Suspended w.e.f. 27.02.2026 Suspension revoked w.e.f. 06-11-2020. (Present status operative) Suspended w.e.f. 14.02.2020
GROUP-1,65,"Bureau Veritas (India) Private Ltd., Chennai",Tamilnadu,Private,6108016,31.07.2026,Suspension revoked w.e.f. 29-11-2018 (Present status operative) Suspended w.e.f. 13-04-2018.
GROUP-1,66,"Bureau Veritas Consumer Products Services(I) P. Ltd, NOIDA",U.P.,Private,8127706,31.12.2026,
GROUP-1,67,"Bharat Test House Pvt Ltd, Rai, Sonepat",Haryana,Private,9135626,19.03.2029,Suspension revoked w.e.f. 28-11-2025.. (Present status operative) SUSPENDED W.E.F. 21-11-2025. Suspension revoked w.e.f. 14-01-2020.. (Present status operative) SUSPENDED W.E.F. 27-08-2019. Suspension revoked w.e.f. 04.05.2018. (Present status operative) Suspended w.e.f. 22.03.2018
GROUP-1,68,"Bharat Test House Pvt Ltd, 781, HSIIC, Rai, Sonepat",Haryana,Private,9137826,31.12.2026,Suspension revoked w.e.f. 14-01-2020.. (Present status operative) SUSPENDED W.E.F. 27-08-2019. Suspension revoked w.e.f. 04.07..2018. (Present status operative) Suspended w.e.f. 22.03.2018
GROUP-1,69,"Bee Pharmo Labs Pvt Ltd, Thane",Maharashtra,Private,7139416,15.03.2027,
GROUP-1,70,"Bharti Automation Pvt Ltd (A Testing Division), Gurgaon",Haryana,Private,8141726,05.08.2027,
GROUP-1,71,"Bharat Test House Pvt Ltd, Sonepat",Haryana,Private,9168306,26.07.2027,
GROUP-1,72,"Bahadurgarh Footwear Development Services Pvt Ltd, Bahadurgarh",Haryana,Private,8168806,02.09.2027,
GROUP-1,73,"Bluesky Lab LLP, Ghaziabad",U.P.,Private,8170306,22.05.2028,
GROUP-1,74,"Bangalore Analytical Research Center (P) Ltd., Bangalore",Karnataka,Private,6174606,14.11.2026,
GROUP-1,75,"Baroda Calibration Services LLP, Vadodara",Gujarat,Private,7175421,21.12.2026,
GROUP-1,76,"BISS Labs-Division of ITW India Private Limited, Bangalore",Karnataka,Private,6175936,10.01.2027,
GROUP-1,77,"BCH Electric Limited, Faridabad",Haryana,Private,8186026,04.06.2028,
GROUP-1,78,"BUNITECH METALLURGICAL SERVICES PRIVATE LIMITED, Ahmadabad",Gujarat,Private,7188906,26.10.2028,
GROUP-1,79,"Byte Scientific Research Lab Private Limited, Faridabad",Haryana,Private,8189436,27.10.2028,
GROUP-1,80,"Basil Quality Testing lab Private Limited, Gurugram",Haryana,Private,8195736,07.01.2029,.
GROUP-1,81,"Cali-labs Pvt Ltd, Bhopal",M.P.,Private,8118116,31.05.2027,Suspension revoked w.e.f. 06.04..2022. (Present status operative) SUSPENDED W.E.F. 18-01-2022
GROUP-1,82,"CEG Test House & Research Centre, Jaipur",Rajasthan,Private,8119706,31.12.2026,
GROUP-1,83,"Central Electrical Testing Laboratory, Kakkalur",Tamilnadu,Govt,6104524,31.12.2026,
GROUP-1,84,"Central Institute of Plastics Engineering & Technology, Ahmedabad",Gujarat,Govt,7116134,31.12.2027,
GROUP-1,85,"CIPET: Centre for Skilling and Technical Support (CSTS), Amritsar",Punjab,Govt.,9120034,06.01.2027,Suspension revoked w.e.f. 15.12..2023. (Present status operative) Suspended w.e.f. 08.12.2023
GROUP-1,86,"Central Institute of Plastics Engineering & Technology, Aurangabad",Maharashtra,Govt.,7123534,31.12.2026,
GROUP-1,87,"Central Institute of Plastics Engineering & Technology, Bhopal",M.P.,Govt.,8100534,31.12.2026,Suspended w.e.f. 21.07.2026
GROUP-1,88,"Central Institute of Plastics Engineering & Technology, Bhubaneswar",Orissa,Govt.,5102634,31.12.2026,Suspension revoked w.e.f. 20.09..2024. (Present status operative) SUSPENDED W.E.F. 06-09-2024
GROUP-1,89,"Central Institute of Plastics Engineering & Technology, Chennai",Tamilnadu,Govt.,6104634,31.03.2027,
GROUP-1,90,"Central Institute of Plastics Engineering & Technology, Guwahati",Assam,Govt.,5117534,31.12.2026,
GROUP-1,91,"Central Institute of Plastics Engineering & Technology, Hajipur",Bihar,Govt.,5118334,07.10.2028,Suspension revoked w.e.f. 25-08-2025. (Present status operative) Suspended w.e.f. 02.05.2025
GROUP-1,92,"Central Institute of Plastics Engineering & Technology, Haldia",W.B.,Govt.,5116334,14.12.2027,
GROUP-1,93,"Central Institute of Plastics Engineering & Technology, Hyderabad",A.P.,Govt.,6111634,23.02.2027,
GROUP-1,94,"Central Institute of Plastics Engineering & Technology, Jaipur",Rajasthan,Govt.,8122834,21.02.2029,Suspension revoked w.e.f. 13-01-2025. Suspended w.e.f. 24.10.2025
GROUP-1,95,"Central Institute of Petrochemicals Engineering & Technology, Lucknow",U.P.,Govt.,9102534,31.12.2026,
GROUP-1,96,"Central Institute of Plastics Engineering & Technology, Mysore",Karnataka,Govt.,6113734,31.12.2026,
GROUP-1,97,"Central Institute of Plastics Engineering & Technology, Murthal, Panipat",Haryana,Govt.,9121934,09.08.2028,
GROUP-1,98,"Central Institute of Road Transport, Pune",Maharashtra,Govt.,7105101,15.09.2028,
GROUP-1,99,"Chennai Mettex Lab Pvt. Ltd, Chennai",Tamilnadu,Private,6120236,02.02.2027,
GROUP-1,100,"CPRI, Bangalore",Karnataka,Govt.,6101024,31.12.2026,
GROUP-1,101,"CPRI, Bhopal",M.P.,Govt.,8100924,30.06.2027,
GROUP-1,102,"CSA India Pvt Ltd, Bangalore",Karnatka,Private,6131326,08.06.2027,
GROUP-1,103,"CVR Labs (P) Limited, Chennai",Tamilnadu,Private,6133516,05-04-2028,Suspension revoked w.e.f. 10-08-2026. (Present status operative) Suspended w.e.f. 09- 02-2026 Suspension revoked w.e.f. 05-08-2019. (Present status operative) Suspended w.e.f. 20.05.2019.
GROUP-1,104,"Conformity Testing labs Pvt Ltd, New Delhi",Delhi,Private,8134626,19-09-2028,
GROUP-1,105,"Classic Instrumentation Pvt Ltd, Noida",U.P.,Private,8135126,23.10.2028,Suspension revoked w.e.f. 20-07-2018. (Present status operative) Suspended w.e.f. 25.05.2018.
GROUP-1,106,NDDB CALF LIMITED,Gujarat,Govt,7136414,31.12.2026,
GROUP-1,107,"Choksi Laboratories Ltd, Indore",M.P.,Private,8136916,31.12.2026,Suspension revoked w.e.f. 25.05.2021 (Present status operative) Suspended w.e.f. 09- 12-2020. Validity extended upto 31-12-2020 due to COVID-19 situation
GROUP-1,108,"C&I Calibration Pvt Ltd, Jaipur",Rajasth an,Private,8137526,17.07.2026,Suspension revoked w.e.f. 19-10-2023. SUSPENDED w.e.f. 10-08-2023. Suspension revoked w.e.f. 22-02-2023. SUSPENDED w.e.f. 24-01-2023.
GROUP-1,109,"Centre for Bio-Polymer Science & Technology, A Unit of CIPET, Kochi",Kerala,Govt,6137634,31.12.2026,
GROUP-1,110,"Central Electronics Centre, Indian Institute of Technology, Chennai",Tamilnadu,Govt,6138124,31.12.2026,Validity extended upto 31-12-2020 due to COVID-19 situation
GROUP-1,111,"CQA(V) Laboratory, Ahmednagar",Maharashtra,Govt,7138534,31.12.2023,SUSPENDED W.E.F. 06-09-2024 Suspension revoked w.e.f. 16-11-2022. SUSPENDED W.E.F. 23-09-2021.
GROUP-1,112,"Conformity Testing Labs Pvt Ltd, New Delhi",Delhi,Private,8139626,05.04.2027,
GROUP-1,113,"Central Institute of Plastics Engineering & Technology, Madurai",Tamilnadu,Govt,6139834,22.05.2027,
GROUP-1,114,"Central Institute of Plastics Engineering & Technology, Vijayawada",A.P.,Govt,6141334,06.06.2027,Suspension revoked w.e.f. 11-12-2019 (Present status operative) SUSPENDED W.E.F. 13-09-2019.
GROUP-1,115,"CSIR-Central Electro-chemical Research Institute, Karaikudi",Tamilnadu,Govt,6162524,24.09.2027,
GROUP-1,116,"Central institute of Petrochemicals Engineering & Technology (CIPET), Raipur",Chhattisgarh,Govt,5163604,25.04.2028,
GROUP-1,117,"Cosmo Analytical Lab, Noida",U.P.,Private,8167006,13.01.2027,
GROUP-1,118,CLRI-CATERS,Tamilnadu,Govt,6167704,02.05.2027,Suspension revoked w.e.f. 27-12-2024. (Present status operative) Suspended w.e.f 21.10.2024
GROUP-1,119,"Chem-Tech Laboratories Private Limited, Pune",Maharashtra,Private,7170010,07.04.2028,
GROUP-1,120,"Customer Services & Development Centre, HPCL-Mittal Energy Limited, Noida",U.P.,Private,8171106,28.07.2028,
GROUP-1,121,"CIPET:CSTS-Agartala Plastics Testing Laboratory, Agartala",Tripura,Govt,5173304,20.07.2026,
GROUP-1,122,"Central Institute of Petrochemicals Engineering & Technology, Ranchi",Jharkhand,Govt,5173614,09.08.2026,
GROUP-1,123,"Central Institute of Petrochemicals Engineering & Technology, Chandrapur",Maharashtra,Govt,7173804,10.09.2026,
GROUP-1,124,"Cotton Association of India Cotton Testing & Research Laboratory, Mumbai",Maharashtra,Govt.,7174706,20.11.2026,
GROUP-1,125,"Central Power Research Institute, Noida",Uttar Pradesh,Govt,8177224,25.03.2027,
GROUP-1,126,"Central Institute of Petrochemicals Engineering & Technology, Dehradun",Uttarakhand,Govt,9178004,24.04.2027,
GROUP-1,127,"Cotton Association of India, Cotton Testing and Research laboratory, Amhedabad",Gujarat,Private,7178936,10.07.2025,
GROUP-1,128,"Cotton Association of India, Cotton Testing and Research laboratory, Khargone",MP,Private,8180036,29.08.2025,
GROUP-1,129,"Criterion Network Labs, Criterion Networks India Private Limited, Bengaluru",Karnataka,Private,6180226,16.09.2027,
GROUP-1,130,"CTL Testing Laboratory Pvt. Ltd. , Jaipur",Rajasthan,Private,8180306,24.09.2027,
GROUP-1,131,"Classic Testing & Research Centre, Noida",Uttar Pradesh,Private,8180826,15.10.2027,
GROUP-1,132,"COTTON ASSOCIATION OF INDIA, COTTON TESTING AND RESEARCH LABORATORY, BATHINDA",Punjab,Private,9182336,11-11-2025,
GROUP-1,133,"COCHIN TEST HOUSE, KOCHI",Kerala,Private,6183816,03.02.2028,
GROUP-1,134,"COTTON ASSOCIATION OF INDIA, COTTON TESTING AND RESEARCH LABORATORY, RAJKOT",Gujarat,Private,7186336,22.06.2026,
GROUP-1,135,"CEPT Advisory Foundation, Ahmadabad",Gujarat,Private,7186736,08.07.2028,
GROUP-1,136,"CIMEC Infralabs Private Limited, Ghaziabad",Uttar Pradesh,Private,8195606,07.01.2029,
GROUP-1,137,"COTTON ASSOCIATION OF INDIA, COTTON TESTING AND RESEARCH LABORATORY, JALGAON",Maharashtra,Private,7195836,12.01.2027,
GROUP-1,138,"Delhi Test House, Kudli (Sonepat)",Haryana,Private,9127026,23.06.2028,Suspension revoked w.e.f. 26-05-2015 (Present status operative) Suspended w.e.f. 14 May 2015.
GROUP-1,139,"Delhi Test House, Azadpur, Delhi",Delhi,Private,8131406,17.06.2027,Suspension revoked w.e.f. 18-11-2019. (Present status operative) SUSPENDED W.E.F. 28-08-2019.
GROUP-1,140,"Delhi Test House-2, Kundli, Sonepat",Haryana,Private,9138006,31.12.2026,Suspension revoked w.e.f. 11-07-2023. (Present status operative) Suspended w.e.f. 14-06-2023. Suspension revoked w.e.f. 15-10-2019. (Present status operative) Suspended w.e.f. 19-07-2019.
GROUP-1,141,"Darshan Electrical Testing and Research Laboratory, Rajkot",Gujarat,Private,7165436,09.08.2026,
GROUP-1,142,"Delhi Analytical Research Laboratory, Delhi",Delhi,Private,8169106,26.10.2027,
GROUP-1,143,"Delta Testing and Research Laboratories Private Limited, Delhi",Delhi,Private,9179506,21.08.2027,
GROUP-1,144,"Delta Testing and Research Laboratories Private Limited (Unit II), North West",Delhi,Private,8186836,23.07.2028,
GROUP-1,145,"DVG Laboratories & Consultants Pvt Ltd, Noida",Uttar Pradesh,Private,8193306,09.12.2028,
GROUP-1,146,"DYNAMIC TEST LABORATORIES LLP, Sonipat",Haryana,Private,9197626,15.03.2029,
GROUP-1,147,"D.Banerjee Centre of Excellence (DBCOE), Mysuru",Karnataka,Private,6198536,07.07.2029,
GROUP-1,148,"Edward Food Research and Analysis Centre Limited (efrac) , Kolkata",W.B.,Private,5127516,07.10.2028,
GROUP-1,149,"Electronics and Quality Development Centre, Gandhinagar",Gujarat,Govt.,7118234,09.10.2027,Suspension revoked w.e.f. 27-12-2024. (Present status operative) SUSPENDED W.E.F. 06-09-2024
GROUP-1,150,"Envirocare Labs (P) Ltd., Thane",Maharashtra,Private,7120616,25.05.2027,
GROUP-1,151,"Environmental Laboratory (Unit of Mineral Engineering Services LLP), Bangalore",Karnataka,Private,6130616,20.04.2027,
GROUP-1,152,"ERDA, Vadodara",Gujarat,Private,7101125,30.11.2028,
GROUP-1,153,"ERTL (E), Kolkata",W.B.,Govt.,5109624,19.04.2027,
GROUP-1,154,"ERTL (N), Delhi",Delhi,Govt.,8101924,31.12.2026,
GROUP-1,155,"ERTL (W), Mumbai",Maharashtra,Govt.,7108424,31.12.2026,
GROUP-1,156,"ETDC, Bangalore",Karnataka,Govt.,6117624,31.12.2026,
GROUP-1,157,"ETDC, Chennai",Tamilnadu,Govt.,6101724,06.07.2021,DEFERRED W.E.F. 08-10-2021.
GROUP-1,158,"Vimta Labs Limited, Hyderabad",Telangana,Private,6132436,25.10.2027,
GROUP-1,159,"Electrical Research & Development Association, Rabale, Navi Mumbai",Maharashtra,Private,7132925,22.12.2027,Suspension revoked w.e.f. 30-09-2025. Present status operative. Suspended W.E.F 30.04.2025
GROUP-1,160,"Eurofins Analytical Services India Pvt Limited, Bangalore",Karnataka,Private,6133416,14.03.2028,
GROUP-1,161,"Excel Surveyors Pvt Ltd, Kolkata",W.B.,Private,5135906,31.12..2026,Suspension revoked w.e.f. 06-08-2024. Present status operative. Suspended w.e.f. 16.07.2024
GROUP-1,162,"ELMEF Testing & Calibration Laboratories Pvt Ltd, Indore",M.P.,Private,8138926,03.01.2027,
GROUP-1,163,"Electrical Research and Testing Organisation, Vadodara",Gujarat,Private,7140126,10.06.2027,Suspension revoked w.e.f. 28-05-2025. Present status operative. Suspended W.E.F 30.04.2025
GROUP-1,164,"Eskaps (India) Private Limited, Kolkata",W.B.,Private,5141106,08.07.2027,Suspension revoked w.e.f. 13-12-2019. Present status operative. Suspended w.e.f. 26 July 2019
GROUP-1,165,"EMC Testing and Compliance LLP, Gurugram",Haryana,Private,8141526,19.07.2027,Suspension revoked w.e.f. 20-01-2021. Present status operative. SUSPENDED W.E.F. 08-12-2020.
GROUP-1,166,"EKO PRO Engineers Pvt Ltd, Ghaziabad",U.P.,Private,8164006,27.05.2028,Suspension revoked w.e.f. 19-02-2025. Present status operative. SUSPENDED W.E.F. 30-01-2025.
GROUP-1,167,"ELCA Laboratories, Navi Mumabi",Maharashtra,Private,7169736,02.02.2028,
GROUP-1,168,"Eureka Analytical Services Pvt Ltd, Bangalore",Karnataka,Private,6171206,02.08.2028,
GROUP-1,169,"EAMP Laboratories LLP, Palghar",Maharashtra,Private,7171526,13.09.2025,
GROUP-1,170,"Enviro Remediation & Research Laboratory LLP, Thane",Maharashtra,Private,7171806,13.11.2028,
GROUP-1,171,"Electrical Power Research Laboratory, Vadodara",Gujarat,Private,7175321,19.12.2026,
GROUP-1,172,"Elutech Laboratory and Colibration Services, Jaipur",Rajasthan,Private,9179806,26.08.2027,
GROUP-1,173,Eko Pro Engineers Pvt. Ltd. Ghaziabad,Uttar Pradesh,Private,9179706,26.08.2027,
GROUP-1,174,"Elenergy Lab Research Pvt. Ltd., Bengaluru",Karnataka,Private,6185426,07.05.2028,
GROUP-1,175,Eminent International Testing Center Pvt Ltd. Isnapur,Telangana,Private,6190736,12.11.2028,
GROUP-1,176,"Electronic Safety Test Laboratory, EMC Division, SAMEER-Centre for Microwave Research, Navi Mumbai",Maharashtra,Govt.,7192524,03.12.2028,
GROUP-1,177,"ELECTROEDGE LABORATORY LLP, North Delhi",Delhi,Private,8197426,11.03.2029,
GROUP-1,178,"EMC EMI TESTING LAB- HLL LIFECARE LIMITED, Noida",Uttar Pradesh,Private,8198324,02.07.2029,
GROUP-1,179,"Eco Paryavaran Laboratories and Consultants Pvt. Ltd., Mohali",Punjab,Private,9198906,10.08.2029,
GROUP-1,180,"Dashmesh Test Lab Private Limited, Faridabad",Haryana,Private,8186926,15.07.2028,Suspension revoked w.e.f. 30-03-2026. Present status operative. Suspended w.e.f. 10- 02-2026
GROUP-1,181,"FCRI, Palakkad",Kerala,Govt.,6114324,06.12.2028,
GROUP-1,182,"FDDI, Noida",U.P.,Govt.,8112814,31.05.2028,Suspension revoked w.e.f. 19-1-2016. Present status operative. Suspended w.e.f. 30- 10-2015
GROUP-1,183,"FICCI Research & Analysis Centre, New Delhi",Delhi,Private,8131215,08.06.2027,
GROUP-1,184,"Fire Test and Research Laboratory, Sonepat",Haryana,Private,8123835,31.12.2026,Suspension revoked w.e.f. 15-07-20 (Present status operative) Suspended w.e.f. 02- 01-2020. Suspension revoked w.e.f. 10-04-2019 (Present status operative) Suspended w.e.f. 04- 04-2019
GROUP-1,185,"FHHL Private Limited, Pune",Maharashtra,Private,7124016,31.12.2026,Suspension revoked w.e.f. 18-04-2019 (Present status operative) Suspended w.e.f. 01- 03-2019.
GROUP-1,186,"Fare labs Pvt ltd, Gurgaon",Haryana,Private,8135716,09.03.2029,
GROUP-1,187,"Fare labs Pvt ltd, Gurgaon",Haryana,Private,8166516,25.11.2026,
GROUP-1,188,"EKO PRO ENGINEERS PVT LTD, Ghaziabad",Uttar Pradesh,Private,8188216,16.09.2028,
GROUP-1,189,"GEO-Chem, Mumbai",Maharashtra,Private,7115716,31.12.2026,Suspension revoked w.e.f. 20-07-2023 (Present status operative) Suspended w.e.f. 08.06.2023 Suspension revoked w.e.f. 16-10-2015 (Present status operative) Suspended w.e.f. 04 Aug 2015
GROUP-1,190,Ghaziabad Testing Laboratories Pvt Ltd Ghaziabad,U.P.,Private,8125006,30.09.2027,Suspension revoked w.e.f. 27-07-2023 (Present status operative) Suspended w.e.f. 17- 08-2022. Suspension revoked w.e.f. 01-10-2015 Suspended w.e.f. 30 April 2015.
GROUP-1,191,"Gujarat Test House, Ahmedabad",Gujarat,Private,7109836,15.07.2027,Suspension revoked w.e.f. 08-05-2024. Suspended w.e.f. 19.09.2023.
GROUP-1,192,"Gujarat Testlab Private Limited, Ahmedabad",Gujarat,Private,7137016,31.12.2026,
GROUP-1,193,"Granite River Labs India Services Private Limited, Bengaluru",Karnataka,Private,6180326,30.09.2027,
GROUP-1,194,"Cotecna Inspection India Private Limited, Gurugram",Haryana,Private,8166106,28.10.2026,Suspension revoked w.e.f. 23-05-2025. Suspended w.e.f. 24.03.2025.
GROUP-1,195,"Global Lab and Consultancy Services LLP, Salem",Tamilnadu,Private,6170916,13.07.2028,
GROUP-1,196,"Global Compliance Laboratory India, Ghaziabad",Uttar Pradesh,Private,5172706,20.06.2026,
GROUP-1,197,GODREJ - NASHIK,Maharashtra,Private,7173406,30.07.2026,
GROUP-1,198,"Giga Labs, Bengaluru",Karnataka,Private,6177526,03.04.2027,
GROUP-1,199,"Gravitas Laboratories Private Limited, Noida",Uttar Pradesh,Private,8182606,19.11.2027,
GROUP-1,200,"Global Testing Laboratory Private limited, Ghaziabad",Uttar Pradesh,Private,8184306,11.03.2028,
GROUP-1,201,"Global Technical Services (Central Oil Testing Laboratory), Bhilwara",Rajasthan,Private,8188316,18.09.2028,
GROUP-1,202,"GECS LAB PRIVATE LIMITED, Ambala",Haryana,Private,9188536,21.09.2028,
GROUP-1,203,"Global Scientific Solution (P) Ltd., North Delhi",Delhi,Private,8189526,30.10.2028,
GROUP-1,204,Hi Physix Laboratory India Pvt. Ltd. Pune,Maharashtra,Private,7126926,20.06.2028,Suspension revoked w.e.f. 22-01-2018. Suspended w.e.f. 28- 12-2017. Suspension revoked w.e.f. 23-09-2016. Present status operative
GROUP-1,205,"Hindustan Testing Solutions LLP, Ambala Cantt.",Haryana,Private,9122136,12.09.2028,Suspension revoked w.e.f. 12-09-2023. (Present status operative). Suspended w.e.f. 27-06-2023. Suspension revoked w.e.f. 23-10-2018. (Present status operative). Suspended w.e.f. 02- 04-2018.
GROUP-1,206,"Hitechlab Healthcare & Research Centre LLP, Ahemdabad",Gujarat,Private,7131116,01.06.2027,
GROUP-1,207,"HTH Laboratories Private Limited, Panipat",Haryana,Private,9137406,31.12.2026,Suspension revoked w.e.f. 01.08.2018. (Present status operative) Suspended w.e.f. 20.03.2018
GROUP-1,208,"HPCL, Vashi QC Laboratory, Navi Mumbai",Maharashtra,Govt,7161816,23.08.2027,
GROUP-1,209,"Hexiqon Laboratory Private Limited, Ahemdabad",Gujarat,Private,7167306,07.02.2027,
GROUP-1,210,"Hasti Engineers LLP, Rajkot",Gujarat,Private,7173706,21.08.2026,
GROUP-1,211,"HT Product Services Private Limited, Noida",Uttar Pradesh,Private,8175006,03.12.2026,
GROUP-1,212,"Hubert Enviro Care Systems Limited., Chennai",Tamilnadu,Private,6176216,15.02.2027,
GROUP-1,213,"Hari Shankar Singhania Elastomer and Tyre Research Institute, HASETRI, MYSORE",Karnataka,Private,6183136,02.12.2027,
GROUP-1,214,"Havells India Limited (Havells Research & Development Laboratory), Ghaziabad",Uttar Pradesh,Private,8187226,06.08.2028,
GROUP-1,215,"Indian Institute of Packaging, Mumbai",Maharashtra,Govt.,7118404,30.06.2028,
GROUP-1,216,"Institute of Autoparts & Hand Tools Technology, Ludhiana",Punjab,Govt.,9126034,17.02.2028,
GROUP-1,217,"Interfield Laboratories, Cochin",Kerala,Private,6124716,02.07.2027,
GROUP-1,218,"International Centre for Automotive Technology, Gurgaon",Haryana,Private,8123735,31.12.2026,Suspension revoked w.e.f. 30-01-2026. Suspended w.e.f. 21- 11-2025
GROUP-1,219,"Interstellar Testing Centre Pvt Ltd, Panchkula",Haryana,Private,9108716,31.07.2028,Suspension revoked w.e.f. 28.12..2015 (Present status operative) Suspended w.e.f. 23- 11-2015
GROUP-1,220,"Intertek India Private Limted, Hyderabad",A.P.,Private,6126316,18.03.2028,Suspension revoked w.e.f. 28-10-2019 (Present status operative) Suspended w.e.f. 13- 08-2019.
GROUP-1,221,Intertek India Pvt. Ltd.,Delhi,Private,8122426,27.10.2028,
GROUP-1,222,"Intertek India Pvt Ltd, Gurgaon",Haryana,Private,8125516,07.12.2027,
GROUP-1,223,"Indian Rubber Materials Research Institute, Thane",Maharashtra,Govt.,7119305,30.06.2026,
GROUP-1,224,"International Centre for Automotive Tech.(Unit-2), Gurgaon",Haryana,Private,8135535,01.03.2029,Suspension revoked w.e.f. 24-09-2025. (Present status operative) Suspended w.e.f. 18.06.2025
GROUP-1,225,"Intertek India Pvt Ltd, New Delhi",Delhi,Private,8136626,27.04.2029,
GROUP-1,226,"Institute for Industrial Research & Toxicology, Ghaziabad",U.P.,Private,8163116,17.02.2028,
GROUP-1,227,"Inspection Syndicate of India Pvt Ltd, Kolkata",W.B.,Private,5164306,16.10.2028,Suspension revoked w.e.f. 17-02-2026. (Present status operative) Suspended w.e.f. 30- 01-2026 Suspension revoked w.e.f. 13-10-2022. (Present status operative) SUSPENDED W.E.F. 21-04-2022.
GROUP-1,228,"IEC Test labs LLP, Bawana, Delhi",Delhi,Private,8165726,07.09.2026,
GROUP-1,229,"Intertek India Pvt Ltd, Gurgaon",Haryana,Private,8166336,05.11.2026,Suspension revoked w.e.f. 17-05-2022. (Present status operative) SUSPENDED W.E.F. 10-02-2022.
GROUP-1,230,"Intertek India Pvt Ltd, Mumbai",Maharashtra,Private,7170706,06.07.2028,
GROUP-1,231,"Indian Testing Laboratory Private Limited, Noida",U.P.,Private,8171306,15.08.2028,Suspension revoked w.e.f. 25-04-2024. (Present status operative) Suspended w.e.f. 19.01.2024
GROUP-1,232,"Interstellar Testing Centre Private Limited, Chennai",Tamil Nadu,Private,6173106,07.07.2026,
GROUP-1,233,"International Testing Centre, MSME Technology Development Centre, Meerut",U.P.,Govt.,8177804,15.04.2027,
GROUP-1,234,IAPMO India Pvt. Ltd. Bangalore,Karnataka,Private,6107716,18.03.2027,Suspension revoked w.e.f. 17-04-2025. (Present status operative) Suspended w.e.f. 17.01.2025
GROUP-1,235,"IRCLASS System and Solution Pvt. Ltd., Jaipur",Rajasthan,Private,8179206,06.08.2027,
GROUP-1,236,"Indian Rubber Material Research Institute, Tirupati",AP,Private,6179035,22.08.2027,
GROUP-1,237,"INDIAN TEST HOUSE PRIVATE LIMITED, Ghaziabad",Uttar Pradesh,Private,8183336,30.12.2027,
GROUP-1,238,"International Testing and Compliance (OPC) Private Limited, Faridabad",Haryana,Private,8188026,07.09.2028,
GROUP-1,239,"IDMA LABORATORIES LIMITED, PANCHKULA",Haryana,Private,9123236,31.12.2026,Suspension revoked w.e.f. 21-08-2026. (Present status operative) Suspended w.e.f. 09.07.2026 Suspension revoked w.e.f. 11-11-2025. (Present status operative)
GROUP-1,240,"JBS Testing Solutions Pvt Ltd, Jalandhar",Punjab,Private,9164606,04.12.2028,
GROUP-1,241,"Jubilant Pharma and Chemical Lab (OPC) Pvt Ltd, Navi Mumbai",Maharshtra,Private,7169416,12.12.2027,Suspension revoked w.e.f. 01-03-2024. (Present status operative) Suspended w.e.f. 17- 07-2023.
GROUP-1,242,"JBS Testing Solution (Unit-2), Jalandhar",Punjab,Private,9172306,22.05.2026,
GROUP-1,243,"Jagdamba Laboratories (OPC) Pvt Ltd, Jaipur",Rajasthan,Private,8183216,22.12.2027,
GROUP-1,244,"Kailtech Test and Research Centre Pvt. Ltd., Indore",M.P.,Private,8125636,18.12.2027,
GROUP-1,245,"Karandikar Laboratories Pvt Ltd, Boisar (E), Palghar, Thane",Maharashtra,Private,7121526,04.03.2028,
GROUP-1,246,"Konark Research Foundation, Daman",Daman,Private,7119516,31.12.2026,Suspension revoked w.e.f. 08-08-2019. (Present status operative) Suspended w.e.f. 28- 02-2019. Suspension revoked w.e.f. 29 Feb 2016. (Present status operative) Suspended w.e.f. 03- 02-2016
GROUP-1,247,"Kalyani Laboratories Pvt Ltd, Bhubaneswar",Orissa,Private,5134116,11.07.2028,Suspension revoked w.e.f. 28-11-2025.. (Present status operative) Suspended w.e.f. 27.08.2025 Suspension revoked w.e.f 29-06-2018. (Present status operative) Suspended with effect from 03-11-2017. Suspension revoked w.e.f. 23-02-2017. (Present status operative) Suspended w.e.f. 15- 11-2016
GROUP-1,248,"K C India Test Laboratories LLP, Ghaziabad",U.P.,Private,9140406,06.06.2027,Suspension revoked w.e.f 06-12-2022. (Present status operative) Suspended w.e.f. 19- 10-2022. Suspension revoked w.e.f. 22-07-2020 (Present status operative) SUSPENDED W.E.F. 02-03-2020
GROUP-1,249,"Krishna Digital Material Testing Laboratory, Bhopal",M.P.,Private,8168706,19.08.2027,
GROUP-1,250,"KSA LABS LLP, Vadodara",Gujarat,Private,7186606,23.06.2028,
GROUP-1,251,"KPML Low Voltage Rotating Machine and Hydraulic Laboratory Karad Projects and motors Limited, Karad",Maharashtra,Private,7187626,25.08.2028,
GROUP-1,252,"Lucid Laboratories Pvt. Ltd., Hyderabad",A.P.,Private,6121636,19.04.2028,Suspension revoked w.e.f. 29-08-2023. (Present status operative) SUSPENDED W.E.F. 16-03-2023. Suspension revoked w.e.f. 03-06-2019 (Present status operative) SUSPENDED W.E.F. 13-03-2019
GROUP-1,253,"Lilaba Analytical Laboratories LLP, Surat",Gujarat,Private,7137216,11.06.2026,Suspension revoked w.e.f. 26-10-2023. (Present status operative) SUSPENDED W.E.F. 19-06-2023. Suspension revoked w.e.f. 15-09-2022.
GROUP-1,254,"LANDMARK MATERIAL TESTING AND RESEARCH LABORATORY PVT LTD, Jaipur",Rajasthan,Private,8182036,27.10.2027,
GROUP-1,255,"Maarc Labs (P) Ltd, Pune",Maharashtra,Private,7119116,31.12.2026,Suspension revoked w.e.f. 15-10-2025. (Present status operative) SUSPENDED W.E.F. 26-08-2025
GROUP-1,256,"MicroChem Silliker Private Ltd., Navi Mumbai",Maharashtra,Private,7123316,31.12.2026,Suspension revoked w.e.f. 26-11-2021. (Present status operative) SUSPENDED W.E.F. 08-10-2021.
GROUP-1,257,"Modern Test Center, Ganjam",Orissa,Private,5123116,31.05.2029,
GROUP-1,258,"Monarch Biotech (P), Ltd., Chennai",Tamilnadu,Private,6118616,04.10.2028,
GROUP-1,259,"MSME Development Institute, Coimbatore",Tamilnadu,Govt.,6105534,14.01.2028,Suspension revoked w.e.f. 01-09-2022. (Present status operative) SUSPENDED W.E.F. 3-8-21.
GROUP-1,260,"MSME Testing Centre, Chennai",Tamilnadu,Govt.,6106704,31.12.2026,Suspension revoked w.e.f. 14-05-2019. (Present status operative) SUSPENDED W.E.F. 07-03-2019
GROUP-1,261,"MSME Testing Centre, Kolkata",W.B.,Govt.,5108204,31.12.2026,
GROUP-1,262,"MSME Testing Centre, Mumbai",Maharashtra,Govt.,7119404,22.07.2027,
GROUP-1,263,"MSME Testing Centre, New Delhi",Delhi,Govt.,8101204,31.12.2026,
GROUP-1,264,"Mitra S.K. Private Limited, Kolkata",W.B.,Private,5131716,20.07.2027,Deferred w.e.f. 29.04.2025 Suspension revoked w.e.f. 05-10-2016. (Present status operative) Suspended w.e.f. 27- 07-2016
GROUP-1,265,"Mananda Test House, Derabassi",Punjab,Private,9134736,02.10.2028,
GROUP-1,266,"Matrix Test Labs, Delhi",Delhi,Private,8138626,31.12.2026,
GROUP-1,267,"Intertek India Private Limited, Ahemdabad",Gujarat,Private,7166626,02.12.2026,
GROUP-1,268,"MATS India Private Limited, Chennai",Tamilnadu,Private,6168016,29.06.2027,Suspension revoked w.e.f. 01-12-2022. SUSPENDED W.E.F. 22-08-2022.
GROUP-1,269,"Marquis Technologies Private Limited, Noida",U.P.,Private,8175126,13.12.2026,
GROUP-1,270,"Material Testing Laboratory LLP, Delhi",Delhi,Private,8176306,18.02.2027,
GROUP-1,271,"MIGHTY TESTING PRIVATE LIMITED, GHAZIABAD",Uttar Pradesh,Private,8185126,04.05.2028,
GROUP-1,272,"MICRO ENGINEERING AND TESTING LABORATORY OPC PRIVATE LIMITED, Sonipat",Haryana,Private,9186006,03.06.2028,
GROUP-1,273,"Eurofins Consumer Product Testing India Private Limited, Noida",Uttar Pradesh,Private,8187006,28.07.2028,
GROUP-1,274,"MS TESTING LABORATORY LLP, Ghaziabad",Uttar Pradesh,Private,8187716,27.08.2028,
GROUP-1,275,"MBIS Tescon Private Limited, Delhi",Delhi,Private,8190506,10.11.2028,
GROUP-1,276,"Mysore ESDM Cluster, Mysuru",Karnataka,Private,6188826,12.10.2028,
GROUP-1,277,"MEKANIKA TESTING LABS LLP, Ghaziabad",Uttar Pradesh,Private,8191236,20.11.2028,
GROUP-1,278,"MORBI TEST HOUSE LLP, Morbi",Gujarat,Private,7195306,01.01.2029,
GROUP-1,279,"National Test House (NR), Ghaziabad",U.P.,Govt.,8101304,26.10.2028,
GROUP-1,280,"National Test House (ER), Kolkata",W.B.,Govt.,5123904,08.04.2027,
GROUP-1,281,"National Test House (NWR), Jaipur",Rajasthan,Govt.,8122904,31.12.2026,
GROUP-1,282,"National Test House (SR), Chennai",Tamilnadu,Govt.,6122704,28.11.2028,
GROUP-1,283,"National Test House (WR), Mumbai",Maharashtra,Govt.,7107604,24.07.2028,
GROUP-1,284,"NaWal Analytical Labs India Private Limited, Hosur",Tamilnadu,Private,6126416,21.03.2028,Suspension revoked w.e.f. 22.05.2024. Present status operative) SUSPENDED W.E.F. 14-12-2023 Suspension revoked w.e.f. 23 Dec 2015. Present status operative)
GROUP-1,285,"NCCBM, Hyderabad",Telangana,Govt.,6114835,14.08.2027,
GROUP-1,286,"NCCBM, Ballabhgarh",Haryana,Govt.,9102335,15.05.2027,
GROUP-1,287,"NSIC Technical Services, Rajkot",Gujarat,Govt.,7104734,14.06.2028,
GROUP-1,288,"NSIC, Rajpura",Punjab,Govt.,9111924,31.12.2026,
GROUP-1,289,"National Institute of Secondary Steel Technology, Punjab",Punjab,Govt,9135004,24.10.2028,
GROUP-1,290,"National Research & Technology Consortium, Parwanoo, Solan",H.P.,Govt,9136024,10.04.2026,
GROUP-1,291,"Nemko India (Test lab) Pvt. Ltd, Faridabad",Haryana,Private,8138426,31.12.2026,Suspension revoked w.e.f. 20-07-2022. (Present status operative) SUSPENDED W.E.F. 13-04-2022.
GROUP-1,292,"National Test House-ER, Kolkata",W.B.,Govt,5140804,14.06.2027,
GROUP-1,293,"Nextron International Lab Pvt Ltd, Bawana, Delhi",Delhi,Private,9140226,06.06.2027,Suspension revoked w.e.f. 15-11-2019.. Present status operative) SUSPENDED W.E.F. 02-08-2019.
GROUP-1,294,"National Test House (NER), Guwahati",Assam,Govt,5169204,13.12.2027,
GROUP-1,295,"NBML Building Materials Testing Lab LLP, Raipur",Chhattisgarh,Private,5171706,29.09.2028,
GROUP-1,296,"Northern Centre for Research and Testing Pvt Ltd, New Delhi",Delhi,Private,8174806,23.11.2026,Suspended w.e.f. 10.07.2026
GROUP-1,297,"NIIRT Calibration and Testing Private Limited, Panchkula",Haryana,Private,9176026,06.02.2027,Suspension revoked w.e.f. 29-01-2026 Suspended w.e.f. 26.12.2025
GROUP-1,298,"Novateur Electrical and Digital Systems Pvt. Ltd., Nashik",Maharashtra,Private,7176426,21.02.2027,
GROUP-1,299,"National Commodities Management Services Limited-Commgrade- Testing Services Regional Laboratory (N), Gurgaon",Haryana,Private,8178406,17.05.2027,
GROUP-1,300,"NDL Power Limited, Sampla",Haryana,Private,9182206,10.11.2027,
GROUP-1,301,"National Soil Testing and Research laboratories, Panchkula",Haryana,Private,9182936,28.11.2027,
GROUP-1,302,"NATIONAL TESTING BUREAU, Ghaziabad",Uttar Pradesh,Private,8186826,09.07.2028,SUSPENDED W.E.F. 18.03.2026
GROUP-1,303,"NayraLaboratories (India)LLP, Delhi",Delhi,Private,8188136,09.09.2028,
GROUP-1,304,"OPTIMAS TESTING SERVICES, OPTIMAS OE SOLUTIONS INDIA PRIVATE LIMITED, Pune",Maharashtra,Private,7187406,19.08.2028,
GROUP-1,305,"OMRESEARCH & TESTING LABORATORY PRIVATE LIMITED, Ranchi",Jharkhand,Private,5197706,17.03.2029,
GROUP-1,306,"Planet Analysis Pvt. Ltd., Kanpur",Uttar Pradesh,Private,9125906,20.01.2028,Suspension revoked w.e.f. 19-10-2022. (Present status operative) SUSPENDED W.E.F. 14-06-2022
GROUP-1,307,"Punjab Biotechnology Incubator, Mohali",Punjab,Govt.,9121314,18.02.2028,Revoked w.e.f. 16- 04-2021 (Present status oprative) SUSPENDED W.E.F. 28-09-2020
GROUP-1,308,"Pump Testing Laboratory, Ludhiana",Punjab,Govt,9133933,15.05.2028,Revoked w.e.f. 31- 07-2023 (Present status oprative) SUSPENDED W.E.F. 31-08-2021.
GROUP-1,309,"Plastics Testing Centre (PTC), CIPET: CSTS-Baddi, Solan",Himachal Pradesh,Govt,9163904,16.05.2028,
GROUP-1,310,"Pulp & Paper Research Institute, Rayagada",Odisha,Private,5169006,13-10-2027,
GROUP-1,311,"Poweronic Test and Research Centre Pvt Ltd, Noida",U.P.,Private,8170206,11-04-2028,
GROUP-1,312,"Precise Analytics Lab. (A Div of Meyer Organics Pvt.Ltd.), Thane",Maharashtra,Private,7171406,23.08.2028,
GROUP-1,313,"Perficio Testing and Research Centre, Vadodara",Gujarat,Private,7172436,28.05.2026,
GROUP-1,314,"Precision Laboratories LLP, Ahmedabad",Gujarat,Private,7174106,31.10.2026,Suspension revoked w.e.f. 05-01-2026. Suspended w.e.f. 25.08.2025
GROUP-1,315,"Planet Electro Labs Private Limited, Delhi",Delhi,Private,8174226,05.11.2026,
GROUP-1,316,"Pioneer Testing Laboratory Private Limited, New Delhi",Delhi,Private,8176806,10.03.2027,
GROUP-1,317,"Pious laboratories Pvt. Ltd., Indore",M.P,Private,8183516,07.01.2028,
GROUP-1,318,"PIBCO LIMITED R&D CENTRE, New Delhi",Delhi,Private,8184506,23.03.2028,
GROUP-1,319,"Planet Electro Labs Private Limited, NEW DELHI",Delhi,Private,8185226,07.05.2028,
GROUP-1,320,"PAAM Testing Labs Private Limited, Noida",Uttar Pradesh,Private,8185506,07.05.2028,
GROUP-1,321,"Plastics Woven Bag Testing Lab- Technical Training & Research Centre - TTRC, Kanpur",Uttar Pradesh,Private,9187136,30.07.2028,
GROUP-1,322,"POLYMER TESTING LABORATORY, CIPET:SARP- APDDRL, Bangalore",Karnataka,Govt.,6187504,25.08.2028,
GROUP-1,323,"Perfect International Testing Lab, Ghaziabad",Uttar Pradesh,Private,8187826,01.09.2028,
GROUP-1,324,"PROMINENT TESTING CENTRE LLP, Patiala",Punjab,Private,9189006,26.10.2028,Suspended w.e.f. 10.06.2026
GROUP-1,325,"PUMP TEST LAB KSB LIMITED, Nashik",Maharashtra,Private,7196526,02.02.2029,
GROUP-1,326,"PADKONDE M S TESTING LABORATORY LLP, Pune",Maharashtra,Private,7197106,22.02.2029,
GROUP-1,327,"PRESTO LABORATORIES PRIVATE LIMITED, Faridabad",Haryana,Private,8199006,20.08.2029,
GROUP-1,328,"Qualichem Laboratories, Nagpur",Maharashtra,Private,7134016,12.07.2025,Deferred w.e.f. 22.07.2025
GROUP-1,329,"QA Testing Laboratories Private Limited, Noida",U.P.,Private,8169906,05.04.2028,
GROUP-1,330,"QVC Certification Services Pvt. Ltd, Ambala",Haryana,Private,9171906,12.01.2029,
GROUP-1,331,"Quality Testing & Research Lab, Ghaziabad",Uttar Pradesh,Private,8184006,23.02.2028,
GROUP-1,332,QA TESTING LABORATORIES PRIVATE LIMITED LUCKNOW,Uttar Pradesh,Private,9192006,02.12.2028,
GROUP-1,333,"QUALITY INTERNATIONAL RESEARCH & LABORATORIES PRIVATE LIMITED, Raipur",Chhattisgarh,Private,5197006,22.02.2029,
GROUP-1,334,"React Compliance and Testing Laboratories LLP, Bangalore",Karnataka,Private,6130526,10.03.2027,
GROUP-1,335,"Research and Development Centre for Bicycle and Sewing Machine, Ludhiana",Punjab,Govt.,9100634,31.12..2026,
GROUP-1,336,"RITES Easter Regional Laboratory, Kolkata",W.B.,Govt,5135804,19.03.2026,
GROUP-1,337,"Renewable Energy Test Centre, Murthal, Sonepat",Haryana,Govt,9137734,31.12.2026,Suspension revoked w.e.f. 16-07-2019. Suspended w.e.f. 27- 02-2019.
GROUP-1,338,"RTC cum Technology Back up Unit for Solar Thermal Devices, Pune",Maharashtra,Govt,7165924,26-10-2026,
GROUP-1,339,"Rajkot Engineering Testing and Research Centre, Rajkot",Gujarat,Private,7167626,25-03-2027,Suspension revoked w.e.f. 28-05-2025. Present status operative. Suspended w.e.f. 28.11.2024.
GROUP-1,340,"Robust Testing Solutions Private Limited, Alwar",Rajasthan,Private,8173526,02.08.2026,
GROUP-1,341,"RTRC Limited, Gurugram",Haryana,Private,9177406,03.04.2027,
GROUP-1,342,"Rohan Energy Solutions Pvt Ltd ( Testing Laboratory Division), Nashik",Maharashtra,Private,7183416,05.01.2028,
GROUP-1,343,"RAMCO RESEARCH AND DEVELOPMENT CENTRE, Chennai",Tamil Nadu,Private,6183606,12.01.2028,
GROUP-1,344,"Rajkot Metlab Services LLP, Rajkot",Gujarat,Private,7183706,12.01.2028,Suspended w.e.f. 17.03.2026.
GROUP-1,345,"RAHUL ENGINEERS LABORATORY PRIVATE LIMITED, Udaipur",Rajasthan,Private,8189106,26.10.2028,
GROUP-1,346,RAMCO INDUSTRIES LIMITED (MATERIAL TESTING LABORATORY),Tamil Nadu,Private,6198036,01.04.2026,
GROUP-1,347,TUV SUD SOUTH ASIA PRIVATE LIMITED RANIPET,Tamil Nadu,Private,6191806,01.12.2028,
GROUP-1,348,"S.B. Steel Company, Howrah",W.B.,Private,5120906,06.09.2027,Suspension revoked w.e.f. 13-10-2022. (Present status operative) SUSPENDED W.E.F. 04-07-2022 Suspension revoked w.e.f 03-09-2020 (Present status operative) SUSPENDED W.E.F. 24-06-2020.
GROUP-1,349,"TERAWATT TESTING AND RESEARCH INSTITUTE PRIVATE LIMITED, Alwar",Rajasthan,Private,8197526,12.03.2029,
GROUP-1,350,"SGS India Ltd, Chennai",Tamilnadu,Private,6114716,14.02.2028,
GROUP-1,351,"Shiva Analyticals (India) Private Limited, Bangalore",Karnataka,Private,6121716,21.04.2028,
GROUP-1,352,"Shri Krishna Test House, New Modern Shahdara",Delhi,Private,8122336,05.10.2028,Suspension revoked w.e.f. 08-01-2026. Suspended w.e.f. 18- 06-2025.
GROUP-1,353,"Shriram Research Institute, Bangalore",Karnataka,Private,6104206,14.02.2027,
GROUP-1,354,"SIIR, Delhi",Delhi,Private,8102006,31.12.2026,
GROUP-1,355,"Sipra labs (P) Ltd, Hyderabad",Telangana,Private,6117916,31.03.2027,Suspension revoked w.e.f. 10-08-2026. (Present status operative) Suspended w.e.f. 16.01.2026 Suspnsion revoked w.e.f. 29-06-2018. (Present status operative) Suspended w.e.f. 09- 04-2018 and deferment of renewal of recognition w.e.f. 01-04-2018.
GROUP-1,356,"Spectro Analytical Labs Private Limited, Greater Noida",Utter Pradesh,Private,8130426,04.01.2027,Suspension revoked w.e.f. 22 May 2015. (Present status operative) Suspended w.e.f. 14 May 2015
GROUP-1,357,"Sun-Tech, Ranchi",Jharkhand,Private,5126636,11.04.2028,
GROUP-1,358,"SMS Labs Services Pvt Ltd, Chennai",Tamilnadu,Private,6132316,08.10.2027,Suspension revoked w.e.f. 27-07-2020. Present status operative SUSPENDED W.E.F. 14-02-2020
GROUP-1,359,"SGS India Private Limited, Bengaluru",Karnataka,Private,6132626,17.11.2027,Suspension revoked w.e.f. 22-12-2017. Present status operative. Suspended w.e.f. 29-11-2017.
GROUP-1,360,"SGS India Private Limited, Kolkata",W.B.,Private,5132706,08.12.2027,Suspension Revoked w.e.f. 28-03-2023. Present status operative. SUSPENDED w.e.f. 10-01-2023. Partial suspension revoked w.e.f. 14.03.2018. Partial suspended for IS 13428 & 14543 w.e.f. 19-01-2018. Suspension revoked w.e.f. 25-10-2016. Present status operative. Suspended w.e.f. 09- 09-2016
GROUP-1,361,"Saturn Quality Certifications Pvt Ltd, Bahadurgarh",Haryana,Private,8133016,03.02.2028,
GROUP-1,362,"SGS India Pvt Ltd, Gurgaon",Haryana,Private,8136216,31.12.2026,
GROUP-1,363,"S M Consultants, Bhubaneswar",Orissa,Private,5137936,31.12.2026,
GROUP-1,364,"Sunren Telecom Laboratory, Navi Mumbai",Maharashtra,Private,7139526,15.03.2027,
GROUP-1,365,"Sleen India Biz Venture Private Limited, Agra",U.P.,Private,9139736,15.05.2027,Suspension revoked w.e.f. 28.02.2025 (Present status operative) SUSPENDED W.E.F. 19-12-2024 Suspension revoked w.e.f. 11.09.2023 (Present status operative) SUSPENDED W.E.F. 10-04-2023
GROUP-1,366,"Star Wire (India) Laboratories Private Ltd., Faridabad",Haryana,Private,8141826,17.09.2027,Suspension revoked w.e.f. 08-02-2023 SUSPENDED W.E.F. 06-12-2022 Suspension revoked w.e.f. 13 JULY 2020. (Present status operative) SUSPENDED W.E.F. 13-05-2020
GROUP-1,367,"SGS India Private Limited, Consumer and Retail Testing Laboratory, Chennai",Tamilnadu,Private,6162436,26.09.2027,
GROUP-1,368,"Sierra Aircon Pvt Ltd, Gurgaon",Haryana,Private,8163426,31.03.2028,Suspension revoked w.e.f. 25.08.2025 (Present status operative) Suspended w.e.f. 02.05.2025
GROUP-1,369,"Swastik Electronics Testing Centre (OPC) Pvt. Ltd., Ghaziabad",U.P.,Private,8163826,15.05.2028,
GROUP-1,370,"SGS India Pvt Ltd, Gurgaon",Haryana,Private,8167436,16.02.2027,
GROUP-1,371,"Standard Testing Laboratory Private Limited, Delhi",Delhi,Private,8170106,10.04.2028,Suspension revoked w.e.f. 24.01.2024 (Present status operative) Suspended w.e.f. 08.12.2023
GROUP-1,372,"SKC Compliance Lab Private Limited, Bengaluru",Karnataka,Private,6170406,24.05.2028,
GROUP-1,373,"Stellar Test House, Noida",U.P,Private,8171606,26.09.2025,
GROUP-1,374,"Shiva Test House Private Limited, Ghaziabad",U.P.,Private,8177706,11.04.2027,
GROUP-1,375,"Lauritz Knudsen Switchgear Testing Laboratories, MSW, SEIPL, Mumbai",Maharashtra,Private,7177626,11.04.2027,
GROUP-1,376,"Standard Testing and Compliance Private Limited, Faridabad.",Haryana,Private,6178726,10.07.2027,
GROUP-1,377,"Shriram Food and Pharma Research Centre, Ghaziabad",Uttar Pradesh,Private,9179606,20.08.2027,
GROUP-1,378,"STAR LABS TEST CENTRE LLP, Jaipur",Rajasthan,Private,8180526,07.10.2027,
GROUP-1,379,"Shri Bajrang Testing Labs, Noida",Uttar Pradesh,Private,8183006,01.12.2027,Suspended w.e.f. 24.03.2026
GROUP-1,380,"SNEHA TEST HOUSE PRIVATE LIMITED, Bengaluru",Karnataka,Private,6184216,12.03.2028,
GROUP-1,381,"Switchgear Testing Laboratories, Schneider Electric India Private Limited, Ahmednagar",Maharashtra,Private,7184626,24.03.2028,
GROUP-1,382,Samridhi Test House Pvt. Ltd. North Delhi,Delhi,Private,8184706,08.04.2028,
GROUP-1,383,"SHRI KRISHNA TEST HOUSE PVT LTD, New Delhi",Delhi,Private,8185606,12.05.2028,Suspension revoked w.e.f. 13 April 2026. (Present status operative) Suspended w.e.f. 06.03.2026
GROUP-1,384,"SCIENTIFIC AND INDUSTRIAL TESTING AND RESEARCH CENTRE (SITARC), Coimbatore",Tamil Nadu,Private,6189206,27.10.2028,
GROUP-1,385,"Spectro SSA Labs Private Limited, Navi Mumbai",Maharashtra,Private,7190106,09.11.2028,
GROUP-1,386,"Samtek Testing Laboratory LLP, Lucknow",Uttar Pradesh,Private,9194336,18.12.2028,
GROUP-1,387,"Standard Testing and Research Lab, Haridwar",Uttarakhand,Private,9197206,23.02.2029,
GROUP-1,388,"TCR Engineering, Mumbai",Maharashtra,Private,7103506,31.12.2026,
GROUP-1,389,"Testtex India Laboratories Pvt. Ltd, Mumbai",Maharashtra,Private,7126506,08.04.2028,
GROUP-1,390,TUV Rheinland (India) Pvt. Ltd. Bangalore,Karnataka,Private,6126126,17.02.2028,Suspension revoked w.e.f. 25 Sep 2018. (Present status operative) Suspended w.e.f. 3 Aug 2018. Suspension revoked w.e.f. 23 July 2018. (Present status operative) Suspended w.e.f. 01 March 2018
GROUP-1,391,"TUV India Private Limited, Pune",Maharashtra,Private,7133816,08.05.2028,
GROUP-1,392,"Testtex India Laboratories Private Limited, Noida",U.P.,Private,8138306,31.12.2026,Suspension revoked w.e.f. 01-07-2020 SUSPENDED W.E.F. 20-02-2020.
GROUP-1,393,"The National Small Industries Corporation Ltd, Chennai",Tamilnadu,Govt,6135404,30.01.2029,
GROUP-1,394,"Tag Corporation, Chennai",Tamilnadu,Private,6138806,10.01.2027,
GROUP-1,395,"TUV India Pvt Ltd, Pune",Maharashtra,Private,7139026,31.12.2026,
GROUP-1,396,"Trustin Analytical Solutions Pvt Limited, Chennai",Tamilnadu,Private,6139136,21.01.2027,
GROUP-1,397,"TUV Rheinland (India) Pvt Ltd, Gurgaon",Haryana,Private,9140526,06.06.2027,
GROUP-1,398,"TUV Rheinland (India) Pvt Limited (PV Module Testing laboratory), Bangalore",Karnataka,Private,6162126,10.09.2027,
GROUP-1,399,"TUV Rheinland (India) Pvt Ltd, Gurgaon",Haryana,Private,8167106,19.01.2027,
GROUP-1,400,"TUV Rheinland (India ) Pvt Ltd, Vishakhapatnam",A.P.,Private,6167206,03.02.2027,
GROUP-1,401,"TUV India Pvt Ltd, Bengulur",Karnataka,Private,6169526,23.12.2027,
GROUP-1,402,"TVS Labs, Delhi",Delhi,Private,8171826,18.10.2028,Suspension revoked w.e.f. 14-11-2025 Suspended w.e.f. 26.09.2025
GROUP-1,403,"Techvision Testing Lab Private Limited, New Delhi",Delhi,Private,9173226,16.07.2026,
GROUP-1,404,"Type Test Center Siemens Limited Kalwa, Navi Mumbai",Maharashtra,Private,7174421,07.11.2026,
GROUP-1,405,Tentamus India Pvt. Ltd. (Formely Megsan Labs Pvt. Ltd.) Hyderabad,Telangana,Private,6177006,20.03.2027,
GROUP-1,406,"TUV SUD South Asia Pvt. Ltd., Bengaluru",Karnataka,Private,6180126,11.09.2027,
GROUP-1,407,"Test Master, Delhi",Delhi,Private,8180636,09.10.2027,
GROUP-1,408,TATA STEEL,Jharkhand,Private,5182706,25.11.2027,
GROUP-1,409,"TECHNOPOWER TECH SOLUTIONS LLP, Bhopal",Madhya Pradesh,Private,8187126,07.08.2028,
GROUP-1,410,"TEKNOLAB QUALITY SERVICES PRIVATE LIMITED, Faridabad",Haryana,Private,8196926,19.02.2029,
GROUP-1,411,"TUV Rheinland (India) Private limited, Material Testing Laboratory, Bengaluru",Karnataka,Private,6197936,01.04.2029,
GROUP-1,412,"UL India Pvt Ltd, Gurgaon",Haryana,Private,8127226,07.08.2028,Suspension revoked w.e.f. 17-11-2017 Suspended w.e.f. 07- 06-2017
GROUP-1,413,"UL India Pvt Ltd., Bangalore",Karnataka,Private,6120526,12.05.2027,Suspension revoked w.e.f. 23-03-2017 . (Present status operative) Suspended w.e.f. 24- 11-2016. Suspension revoked w.e.f. 10-11-2015 . Suspended w.e.f. 18 Aug 2015.
GROUP-1,414,"Unique Test House LLP, Mohali",Punjab,Private,9134536,07.09.2028,
GROUP-1,415,"URS Products & Testing Pvt Ltd, NOIDA",U.P.,Private,8136826,31.12.2026,Suspension revoked w.e.f. 21-06-2018 Suspended w.e.f. 25-01-2018.
GROUP-1,416,"URS Products & Testing Pvt Ltd, NOIDA",U.P.,Private,8168906,26.09.2027,
GROUP-1,417,"Universal Testing and Research Centre (Division of Sustainable Stewardship Private Limited), New Delhi",Delhi,Private,8169306,28.11.2027,
GROUP-1,418,"Umwelt Research Lab Private Limited, Pune",Maharashtra,Private,7175516,26.12.2026,
GROUP-1,419,"Ultra Plus Lubes Pvt. Ltd, Navi Mumbai",Maharashtra,Private,7185816,13.05.2028,
GROUP-1,420,"Urja Metallurgical Services LLP, Pune",Maharashtra,Private,7194806,22.12.2028,
GROUP-1,421,"UNITECH LABORATORIES SERVICES, Rajkot",Gujarat,Private,7196806,17.02.2029,
GROUP-1,422,"Vimta Labs, Hyderabad",Telangana,Private,6102906,31.03.2028,
GROUP-1,423,"VSIX Analytical Labs Private Limited, Bangalore",Karnataka,Private,6139316,18.03.2027,
GROUP-1,424,"Vimta Labs Limited, Bangalore",Karnataka,Private,6164216,15.10.2028,Suspension revoked w.e.f. 16.07.2024 Suspended w.e.f. 20.05.2024
GROUP-1,425,"Viridian Testing Laboratories, LLP, Tirupur",Tamilnadu,Private,6169806,20.02.2028,
GROUP-1,426,"Vardan Envirolab, Gurgaon",Harayana,Private,8169616,26.12.2027,
GROUP-1,427,"Vijai Electricals Limited, Haridwar",Uttrakhand,Private,9171026,14.07.2028,
GROUP-1,428,"Vardhamana Testing Laboratory OPC Pvt. Ltd., Greater Noida",U.P.,Private,8178226,29.04.2027,
GROUP-1,429,"Vimta labs limited, Noida",U.P,Private,8187316,12.08.2028,
GROUP-1,430,"Vertex Testing Laboratory Pvt. Ltd. , Ghaziabad",U.P.,Private,8185906,22.05.2028,
GROUP-1,431,"Winwall Technology India Private Limited, Chennai",Tamil Nadu,Private,6171906,10.04.2026,
GROUP-1,432,"Well Tech Test and Research Center, Mohali",Punjab,Private,9177306,30.03.2027,
GROUP-1,433,"Wakefield Inspection Services India Pvt. Ltd. , Mumbai",Maharashtra,Private,7182136,29.10.2025,
GROUP-1,434,"Winwall Technology India Private Limited, Navi Mumbai",Maharashtra,Private,7189336,27.10.2028,
GROUP-1,435,"Yadav Measurements P Ltd, Udaipur",Rajasthan,Private,8116426,31.05.2028,
GROUP-1,436,"Yorlab LLP, Rajkot",Gujarat,Private,7188606,06.10.2028,
GROUP-2,1,"Bhabha Atomic Research Centre (BARC), Bullandshar",U.P.,Govt.,8117101,
GROUP-2,2,"Bhabha Atomic Research Centre (BARC), Kalpakkam",Tamilnadu,Govt.,6117401,
GROUP-2,3,"Bhabha Atomic Research Centre (BARC),Kaiga, Karwar",Karnataka,Govt.,6117301,
GROUP-2,4,"Bhabha Atomic Research Centre (BARC),Kota",Rajasthan,Govt.,8117001,
GROUP-2,5,"Bhabha Atomic Research Centre (BARC),Tarapur, Thane",Maharashtra,Govt.,7116901,
GROUP-2,6,"Bhabha Atomic Research Centre (BARC),Vyara",Gujarat,Govt.,7117201,
GROUP-2,7,"Bhabha Atomic Research Centre (BARC), TROMBAY, Mumbai",Maharashtra,Govt,7112901,
GROUP-2,8,"Central Coir Research Institute, Kalavoor",Kerala,Govt.,6107934,
GROUP-2,9,"Central Glass and Ceramic Research Institute, Kolkata",W.B.,Govt.,5113001,
GROUP-2,10,"Central Institute of Fisheries Technology, Cochin",Kerala,Govt.,6113801,
GROUP-2,11,"Central Leather Research Institute, Kolkata",W.B.,Govt.,5113201,
GROUP-2,12,"Defence Institute of Fire Research, Delhi",Delhi,Govt.,8107034,
GROUP-2,13,"Indian Institute of Technology, Chennai",Tamilnadu,Govt.,6102432,
GROUP-2,14,"Indian Institute of Technology, Kanpur",U.P.,Govt.,9100832,
GROUP-2,15,"Indian Jute Industries Research Association (IJIRA), Kolkata",W.B.,Govt.,5113301,
GROUP-2,16,"Industrial Toxicology Research Centre (ITRC), Lucknow",U.P.,Govt.,9114601,
GROUP-2,17,"National Dairy Development Board, Anand,",Gujarat,Govt.,7111311,
GROUP-2,18,"National Dairy Research Institute (NDRI), Bangalore",Karnataka,Govt.,6106512,
GROUP-2,19,"National Dairy Research Institute (NDRI),Karnal",Haryana,Govt.,9102812,
GROUP-2,20,"National Metallurgical Laboratory Unit, Chennai",Tamilnadu,Govt.,6107814,
GROUP-2,21,"National Physical Laboratory, New Delhi",Delhi,Govt.,8101501,
GROUP-2,22,"Central Institute of Mining & Fuel Research, Dhanbad",Jharkhand,Govt.,5127821,
GROUP-2,23,"Advance Materials and Processes Research Institute, Bhopal",M.P.,Govt.,8127901,
GROUP-2,24,"Central Building Research Institute, Roorkee",U.P.,Govt.,9128001,
GROUP-2,25,"Cenrtral Electrochemical Research Institute, Karaikudi",Tamilnadu,Govt.,6128101,
GROUP-2,26,"Central Electrtonics Engineering Research Institute, Pilani",Rajasthan,Govt.,8128221,
GROUP-2,27,"Central Mechanical Engg. Research Insitute, Durgapur",West Bengal,Govt.,5128331,
GROUP-2,28,"Central Road Research Institute ,New Delhi",New Delhi,Govt.,8128401,
GROUP-2,29,"Central Scientific Instruments Organization, Chandigarh",Punjab,Govt.,9128501,
GROUP-2,30,"Central Salt & Marine Chemicals Research Institute, Bhavnagar",Gujarat,Govt.,7128611,
GROUP-2,31,"Indian Institute of Chemical Biology, Kolkata",West Bengal,Govt.,5128701,
GROUP-2,32,"Indian Institute of Chemical Technology, Hyderabad",A.P.,Govt.,6128811,
GROUP-2,33,"Indian Institute of Petroleum, Dehradun",Uttra Khand,Govt.,9128911,
GROUP-2,34,"Institute of Himalayan Bio-resource Technology, Palampur",H.P.,Govt.,9129011,
GROUP-2,35,"Institute of Microbial Technology, Chandigarh",Punjab,Govt.,9129111,
GROUP-2,36,"Institute of Minerals and Materials Technology, Bhubneshwar",Odisha,Govt.,5129201,
GROUP-2,37,"National Aerospace Laboratories, Bangalore",Karnataka,Govt.,6129331,
GROUP-2,38,"National Botanical Research Institute, Lucknow",U.P.,Govt.,9129411,
GROUP-2,39,"National Chemical Laboratory, Pune",Maharashtra,Govt.,7129511,
GROUP-2,40,"National Institute for Interdisciplinary Science & Technology, Thiruvananthapuram",Kerala,Govt.,6129711,
GROUP-2,41,"Indian Institute of Integrative Medicine, Jammu",J& K,Govt.,9129811,
GROUP-2,42,"North East Institute of Science and Technology, Jorhat",Assam,Govt.,5129911,
GROUP-2,43,"Structural Engineering Research Centre, Chennai",Tamilnadu,Govt.,6130031,
GROUP-2,44,"Central Silk Technological Research Institute, Bangalore",Karnataka,Govt.,6130104,
GROUP-2,45,Bombay Textiles Research Association,Maharashtra,Pvt.,7130206,
GROUP-2,46,"Regional Reference Standards Laboratory, Bangalore",Karnatka,Govt,6133034,
GROUP-2,47,"India Government Mint, Assay Laboratory, Mumbai",Maharashtra,Govt,7131914,
GROUP-2,48,"Board of Radiation and Isotope Technology, Bhabha Atomic Research Centre, Navi Mumbai",Maharashtra,Govt,7132114,
GROUP-2,49,"National Institute of Solar Energy (NISE), Gurugram",Haryana,Govt,9140024,
GROUP-2,50,"LPG Equipment Research Centre (LERC), Bangalore",Karnatka,Govt,6141034,
GROUP-2,51,"Advanced Centre for Energetic Materials (ACEM) , Nasik",Maharashtra,Govt,7141804,
GROUP-2,52,"Aeronautical Development Establishment (ADE) , Bangalore",Karnatka,Govt,6141904,
GROUP-2,53,"Aerial Delivery Research and Development Establishment (ADRDE) , Agra",U.P.,Govt,8142004,
GROUP-2,54,"Advanced Numerical Research & Analysis Group (ANURAG) , Hyderabad",Telangana,Govt,6142104,
GROUP-2,55,"Armament Research & Development Establishment (ARDE) , Pune",Maharashtra,Govt,7142204,
GROUP-2,56,"Centre for Advanced Semiconductor Technology (ASEMIT) , Delhi",Delhi,Govt,8142304,
GROUP-2,57,"Centre For Air Borne System (CABS) , Bangalore",Karnatka,Govt,6142404,
GROUP-2,58,"Centre for Artificial Intelligence & Robotics (CAIR) , Bangalore",Karnatka,Govt,6142504,
GROUP-2,59,"Centre for Military Airworthiness & Certification (CEMILAC) , Bangalore",Karnatka,Govt,6142604,
GROUP-2,60,"Centre for Fire, Explosive and Environment Safety (CFEES) , Delhi",Delhi,Govt,8142704,
GROUP-2,61,"Combat Vehicles Research & Development Estt. (CVRDE) , Chennai",Tamilnadu,Govt,6142804,
GROUP-2,62,"Defence Avionics Research Establishment (DARE) , Bangalore",Karnatka,Govt,6142904,
GROUP-2,63,"Defence Electronics Application Laboratory (DEAL) , Dehradun",Uttrakhand,Govt,9143004,
GROUP-2,64,"Defence Bio-Engineering & Electro Medical Laboratory (DEBEL) , Bangalore",Karnatka,Govt,6143104,
GROUP-2,65,"Defence Scientific Information & Documentation Centre (DESIDOC) , Delhi",Delhi,Govt,8143204,
GROUP-2,66,"Defence Food Research Laboratory (DFRL) , Mysore",Karnatka,Govt,6143304,
GROUP-2,67,"Defence Institute of Advanced Technology (DIAT) , Pune",Maharashtra,Govt,7143404,
GROUP-2,68,"Defence Institute of Bio-Energy Research (DIBER) , Haldwani",Uttrakhand,Govt,9143504,
GROUP-2,69,"Defence Institute of High Altitude Research (DIHAR) , Leh Ladakh",J & K,Govt,9143604,
GROUP-2,70,"Defence Institute of Physiology & Allied Sciences (DIPAS) , Delhi",Delhi,Govt,8143704,
GROUP-2,71,"Defence Institute of Psychological Research (DIPR) , Delhi",Delhi,Govt,8143804,
GROUP-2,72,"Defence Laboratory (DLJ) , Jodhpur",Rajasthan,Govt,8143904,
GROUP-2,73,"Defence Electronics Research Laboratory (DLRL) , Hyderabad",Telangana,Govt,6144004,
GROUP-2,74,"Defence Metallurgical Research Laboratory (DMRL) , Hyderabad",Telangana,Govt,6144104,
GROUP-2,75,"Defence Materials and Stores Research and Development Establishment (DMSRDE) , Kanpur",U.P.,Govt,9144204,
GROUP-2,76,"Defence Research & Development Establishment (DRDE) , Gwalior",M.P.,Govt,8144304,
GROUP-2,77,"Defence Research & Development Laboratory (DRDL) , Hyderabad",Telangana,Govt,6144404,
GROUP-2,78,"Defence Research Laboratory (DRL) , Tejpur",Assam,Govt,5144504,
GROUP-2,79,"Defence Terrain Research Laboratory (DTRL) , Delhi",Delhi,Govt,8144604,
GROUP-2,80,"Gas Turbine Research Establishment (GTRE) , Bangalore",Karnatka,Govt,6144704,
GROUP-2,81,"High Energy Materials Research Laboratory (HEMRL) , Pune",Maharashtra,Govt,7144804,
GROUP-2,82,"Institute of Nuclear Medicine & Allied Sciences (INMAS) , Delhi",Delhi,Govt,8144904,
GROUP-2,83,"Instruments Research & Development Establishment (IRDE) , Dehradun",Uttrakhand,Govt,9145004,
GROUP-2,84,"Institute for Systems Studies & Analyses (ISSA) , Delhi",Delhi,Govt,8145104,
GROUP-2,85,"Institute of Technology Management (ITM) , Mussorie",Karnatka,Govt,6145204,
GROUP-2,86,"Integrated Test Range (ITR) , Balasore",Orissa,Govt,5145304,
GROUP-2,87,"Laser Science & Technology Centre (LASTEC) , Delhi",Delhi,Govt,8145404,
GROUP-2,88,"Electronics & Radar Development Establishment (LRDE) , Bangalore",Karnatka,Govt,6145504,
GROUP-2,89,"Microwave Tube Research & Development Centre (MTRDC) , Bangalore",Karnatka,Govt,6145604,
GROUP-2,90,"Naval Materials Research Laboratory (NMRL) , Ambernath",Maharashtra,Govt,7145704,
GROUP-2,91,"Naval Physical & Oceanographic Laboratory (NPOL) , Cochin",Kerla,Govt,6145804,
GROUP-2,92,"Naval Science & Technological Laboratory (NSTL) , Vishakapatnam",Telangana,Govt,6145904,
GROUP-2,93,"Proof & Experimental Establishment (PXE) , Balasore",Orissa,Govt,5146004,
GROUP-2,94,"Research Centre Imarat (RCI) , Hyderabad",Telangana,Govt,6146104,
GROUP-2,95,"Research & Development Establishment (RDE(E)) , Pune",Maharashtra,Govt,7146204,
GROUP-2,96,"Scientific Analysis Group (SAG) , Delhi",Delhi,Govt,8146304,
GROUP-2,97,"Snow & Avalanche Study Estt (SASE) , Chandigarh",Chandigarh,Govt,9146404,
GROUP-2,98,"Solid State Physics Laboratory (SSPL) , Delhi",Delhi,Govt,8146504,
GROUP-2,99,"Terminal Ballistics Research Laboratory (TBRL) , Chandigarh",Chandigarh,Govt,9146604,
GROUP-2,100,"Vehicle Research & Development Establishment (VRDE) , Ahmednagar",Maharashtra,Govt,7146704,
GROUP-2,101,"Indian Institute of Technology (IIT), Gandhi Nagar",Gujarat,Govt,7146804,
GROUP-2,102,"Indian Institute of Technology (IIT), Bhubaneshwar",Orissa,Govt,5146904,
GROUP-2,103,"Indian Institute of Technology (IIT), Guwahati",Assam,Govt,5147004,
GROUP-2,104,"Indian Institute of Technology (IIT), Indore",M.P.,Govt,8147104,
GROUP-2,105,"Indian Institute of Technology (IIT), Jodhpur",Rajasthan,Govt,8147204,
GROUP-2,106,"Indian Institute of Technology (IIT), Kharagpur",W.B.,Govt,5147304,
GROUP-2,107,"Indian Institute of Technology (IIT), Hyderabad",Telangana,Govt,6147404,
GROUP-2,108,"Indian Institute of Technology (IIT), Mumbai",Maharashtra,Govt,7147504,
GROUP-2,109,"Indian Institute of Technology (IIT), Patna",Bihar,Govt,5147604,
GROUP-2,110,"Indian Institute of Technology (IIT), Delhi",Delhi,Govt,8147704,
GROUP-2,111,"Indian Institute of Technology (IIT), Ropar",Punjab,Govt,9147804,
GROUP-2,112,"Indian Institute of Technology (IIT), Mandi",H.P.,Govt,9147904,
GROUP-2,113,"Indian Institute of Technology (IIT), Roorkee",Uttrakhand,Govt,9148004,
GROUP-2,114,"Indian Institute of Technology (Banaras Hindu University), Varanasi",U.P.,Govt,9148104,
GROUP-2,115,"Indian Institute of Technology (IIT), Jammu",J&K,Govt,9148204,
GROUP-2,116,"Indian Institute of Technology (IIT), Palakkad",Kerla,Govt,6148304,
GROUP-2,117,"Indian Institute of Technology (IIT), Tirupati",Telangana,Govt,6148404,
GROUP-2,118,"Indian Institute of Technology (IIT), Goa",Maharashtra,Govt,7148504,
GROUP-2,119,"Indian Institute of Technology (IIT), Bhilai",Chhattisgarh,Govt,5148604,
GROUP-2,120,Indian Institute of Technology (IIT) Dharwad,Karnatka,Govt,6148704,
GROUP-2,121,"Indian Institute of Technology (Indian School of Mines), Dhanbad",Jharkhand,Govt,5148804,
GROUP-2,122,"Centre for Cellular & Molecular Biology, Hyderabad",Telangana,Govt,6148904,
GROUP-2,123,"Central Drug Research Institute, Lucknow",U.P.,Govt,9149004,
GROUP-2,124,"Central Food Technological Research Institute, Mysore",Karnatka,Govt,6149104,
GROUP-2,125,"Central Institute of Medicinal and Aromatic Plants, Lucknow",U.P.,Govt,9149204,
GROUP-2,126,"Fourth Paradigm Institute (CSIR-4PI), Bangalore",Karnataka,Govt,6149404,
GROUP-2,127,Institute of Genomics and integrative Biology,Delhi,Govt,8149504,
GROUP-2,128,"National Environmental Engineering Research Institute, Nagpur",Maharashtra,Govt,7149604,
GROUP-2,129,"National Geophysical Research Institute, Hyderabad",Telangana,Govt,6149704,
GROUP-2,130,"C National Institute of Oceanography, Goa",Maharashtra,Govt,7149804,
GROUP-2,131,"Textile Laboratory, Mumbai (Ministry of Textiles, Govt of India)",Maharashtra,Govt,7149904,
GROUP-2,132,"Textile Laboratory, New Delhi (Ministry of Textiles, Govt of India)",Delhi,Govt,8150004,
GROUP-2,133,"Textile Laboratory, Chennai (Ministry of Textiles, Govt of India)",Tamilnadu,Govt,6150104,
GROUP-2,134,"Textile Laboratory, Coimbatore (Ministry of Textiles, Govt of India)",Tamilnadu,Govt,6150204,
GROUP-2,135,"Textile Laboratory, Kanpur (Ministry of Textiles, Govt of India)",U.P.,Govt,9150304,
GROUP-2,136,"Textile Laboratory, Madurai (Ministry of Textiles, Govt of India)",Tamilnadu,Govt,6150404,
GROUP-2,137,"Textile Laboratory, Kolkata (Ministry of Textiles, Govt of India)",West Bengal,Govt,5150504,
GROUP-2,138,"Textile Laboratory, Ludhiana (Ministry of Textiles, Govt of India)",Punjab,Govt,9150604,
GROUP-2,139,"Textile Laboratory, Bangalore (Ministry of Textiles, Govt of India)",Karnatka,Govt,6150704,
GROUP-2,140,"Textile Laboratory, Ahmedabad (Ministry of Textiles, Govt of India)",Gujarat,Govt,7150804,
GROUP-2,141,"Textile Laboratory, Jaipur (Ministry of Textiles, Govt of India)",Rajasthan,Govt,8150904,
GROUP-2,142,"Textile Laboratory, Tirupur (Ministry of Textiles, Govt of India)",Tamilnadu,Govt,6151004,
GROUP-2,143,"Textile Laboratory, Karur (Ministry of Textiles, Govt of India)",Tamilnadu,Govt,6151104,
GROUP-2,144,"Textile Laboratory, Hyderabad (Ministry of Textiles, Govt of India)",Telengana,Govt,6151204,
GROUP-2,145,"Textile Laboratory, Cannanore (Ministry of Textiles, Govt of India)",Karnatka,Govt,6151304,
GROUP-2,146,"Textile Laboratory, Guntur, Hyderabad (Ministry of Textiles, Govt of India)",Telengana,Govt,6151404,
GROUP-2,147,"Textile Laboratory, Panipat (Ministry of Textiles, Govt of India)",Haryana,Govt,9151504,
GROUP-2,148,"ICAR-Indian Agricultural Research Institute, New Delhi",Delhi,Govt,8151604,
GROUP-2,149,"ICAR-National Dairy Research Institute, Karnal",Haryana,Govt,9151704,
GROUP-2,150,"ICAR-Indian Veterinary Research Institute, Izatnagar, Barillay",U.P.,Govt,9151804,
GROUP-2,151,"ICAR-Central Institute on Fisheries Education, Mumbai",Maharashtra,Govt,7151904,
GROUP-2,152,"ICAR-Central Island Agricultural Research Institute , Port Blair",Andaman and Nicobar,Govt,7152004,
GROUP-2,153,"ICAR-Central Arid Zone Research Institute, Jodhpur",Rajasthan,Govt,8152104,
GROUP-2,154,"ICAR-Central Avian Research Institute, Izatnagar",U.P.,Govt,9152204,
GROUP-2,155,"ICAR-Central Inland Fisheries Research Institute, Barrackpore",West Bengal,Govt,5152304,
GROUP-2,156,"ICAR-Central Institute Brackishwater Aquaculture, Chennai",Tamilnadu,Govt,6152404,
GROUP-2,157,"ICAR-Central Institute for Research on Buffaloes, Hissar",Haryana,Govt,9152504,
GROUP-2,158,"ICAR-Central Institute for Research on Goats, Makhdoom",U.P.,Govt,9152604,
GROUP-2,159,"ICAR-Central Institute of Agricultural Engineering, Bhopal",M.P.,Govt,8152704,
GROUP-2,160,"ICAR-Central Institute for Arid Horticulture, Bikaner",Rajasthan,Govt,8152804,
GROUP-2,161,"ICAR-Central Institute of Cotton Research, Nagpur",Maharashtra,Govt,7152904,
GROUP-2,162,"ICAR-Central Institute of Fisheries Technology, Cochin",Kerala,Govt,6153004,
GROUP-2,163,"ICAR-Central Institute of Freshwater Aquaculture, Bhubneshwar",Orissa,Govt,5153104,
GROUP-2,164,"ICAR-Central Institute of Research on Cotton Technology, Mumbai",Maharashtra,Govt,7153204,
GROUP-2,165,"ICAR-C entral Institute of Sub Tropical Horticulture, Lucknow",U.P.,Govt,9153304,
GROUP-2,166,"ICAR-C entral Institute of Temperate Horticulture, Srinagar",J & K,Govt,9153404,
GROUP-2,167,"ICAR-C entral Institute on Post harvest Engineering and Technology, Ludhiana",Punjab,Govt,9153504,
GROUP-2,168,"ICAR-C entral Marine Fisheries Research Institute, Kochi",Kerala,Govt,6153604,
GROUP-2,169,"ICAR-C entral Plantation Crops Research Institute, Kasargod",Kerala,Govt,6153704,
GROUP-2,170,"ICAR-C entral Potato Research Institute, Shimla",H.P.,Govt,9153804,
GROUP-2,171,"ICAR-C entral Research Institute for Jute and Allied Fibres, Barrackpore",West Bengal,Govt,5153904,
GROUP-2,172,"ICAR-C entral Research Institute of Dryland Agriculture, Hyderabad",Telengana,Govt,6154004,
GROUP-2,173,"ICAR-N ational Rice Research Institute, Cuttack",Odisha,Govt,5154104,
GROUP-2,174,"ICAR-Central Sheep and Wool Research Institute, Avikanagar, Rajasthan",Rajasthan,Govt,8154204,
GROUP-2,175,"ICAR- Indian Institute of Soil and Water Conservation, Dehradun",Uttrakhand,Govt,9154304,
GROUP-2,176,"ICAR-C entral Soil Salinity Research Institute, Karnal",Haryana,Govt,9154404,
GROUP-2,177,"ICAR-C entral Tobacco Research Institute, Rajahmundry",A.P.,Govt,6154504,
GROUP-2,178,"ICAR-C entral Tuber Crops Research Institute, Trivandrum",Kerala,Govt,6154604,
GROUP-2,179,"ICAR-I CAR Research Complex for Eastern Region, Patna",Bihar,Govt,5154704,
GROUP-2,180,"ICAR-I CAR Research Complex for NEH Region, Barapani",Meghalaya,Govt,5154804,
GROUP-2,181,"ICAR-C entral Coastal Agricultural Research Institute, Ela, Old Goa, Goa",Maharashtra,Govt,7154904,
GROUP-2,182,"ICAR-I ndian Agricultural Statistics Research Institute, New Delhi",Delhi,Govt,8155004,
GROUP-2,183,"ICAR-I ndian Grassland and Fodder Research Institute, Jhansi",U.P.,Govt,8155104,
GROUP-2,184,"ICAR-I ndian Institute of Agricultural Biotechnology, Ranchi",Jharkhand,Govt,5155204,
GROUP-2,185,"ICAR-I ndian Institute of Horticultural Research, Bengaluru",Karnatka,Govt,6155304,
GROUP-2,186,"ICAR-I ndian Institute of Natural Resins and Gums, Ranchi",Jharkhand,Govt,5155404,
GROUP-2,187,"ICAR-I ndian Institute of Pulses Research, Kanpur",U.P.,Govt,9155504,
GROUP-2,188,"ICAR-I ndian Institute of Soil Sciences, Bhopal",M.P.,Govt,9155604,
GROUP-2,189,"ICAR-I ndian Institute of Spices Research, Calicut",Kerala,Govt,6155704,
GROUP-2,190,"ICAR-I ndian Institute of Sugarcane Research, Lucknow",U.P.,Govt,9155804,
GROUP-2,191,"ICAR-I ndian Institute of Vegetable Research, Varanasi",U.P.,Govt,9155904,
GROUP-2,192,"ICAR-N ational Academy of Agricultural Research & Management, Hyderabad",Telengana,Govt,6156004,
GROUP-2,193,"ICAR-N ational Institute of Biotic Stresses Management, Raipur",Chhattisgarh,Govt,5156104,
GROUP-2,194,"ICAR-N ational Institue of Abiotic Stress Management, Malegaon, Maharashtra",Maharashtra,Govt,7156204,
GROUP-2,195,"ICAR-N ational Institute of Animal Nutrition and Physiology, Bengaluru",Karnatka,Govt,6156304,
GROUP-2,196,"ICAR-N ational Institute of Research on Jute & Allied Fibre Technology, Kolkata",West Bengal,Govt,5156404,
GROUP-2,197,"ICAR-N ational Institute of Veterinary Epidemiology and Disease Informatics, Hebbal, Bengaluru",Karnatka,Govt,6156504,
GROUP-2,198,"ICAR-S ugarcane Breeding Institute, Coimbatore",Tamilnadu,Govt,6156604,
GROUP-2,199,"ICAR-V ivekananda Parvatiya Krishi Anusandhan Sansthan, Almora",Uttarakhand,Govt,9156704,
GROUP-2,200,"ICAR-C entral Institute for Research on Cattle, Meerut, Uttar Pradesh",U.P.,Govt,9156804,
GROUP-2,201,"ICAR-National Institute of High Security Animal Diseases, Bhopal",M.P.,Govt,8156904,
GROUP-2,202,"ICAR-I ndian Institute of Maize Research,New Delhi",Delhi,Govt,8157004,
GROUP-2,203,"ICAR- Central Agroforestry Research Institute , Jhansi",U.P.,Govt,9157104,
GROUP-2,204,"ICAR-N ational Institute of Agricultural Economics and Policy Research, New Delhi",Delhi,Govt,8157204,
GROUP-2,205,"ICAR- Indian Institute of Wheat and Barley Research, Karnal",Haryana,Govt,9157304,
GROUP-2,206,"ICAR- Indian Institute of Farming Systems Research, Modipuram",U.P.,Govt,9157404,
GROUP-2,207,"ICAR- Indian Institute of Millets Research, Hyderabad",Telengana,Govt,6157504,
GROUP-2,208,"ICAR- Indian Institute of Oilseeds Research, Hyderabad",Telengana,Govt,6157604,
GROUP-2,209,"ICAR- Indian Institute of Oil Palm Research, Pedavegi, West Godawari",A.P.,Govt,6157704,
GROUP-2,210,"ICAR- Indian Institute of Water Management, Bhubaneshwar",Odisha,Govt,5157804,
GROUP-2,211,"ICAR-I ndian Institute of Rice Research, Hyderabad",Telengana,Govt,6157904,
GROUP-2,212,"ICAR- Central Institute for Women in Agriculture, Bhubaneshwar",Odisha,Govt,5158004,
GROUP-2,213,"ICAR-C entral Citrus Research Institute, Nagpur",Maharashtra,Govt,7158104,
GROUP-2,214,"ICAR-I ndian Institute of Seed Research, Mau",U.P.,Govt,9158204,
GROUP-2,215,"ICAR-I ndian Agricultural Research Institute, Post Box No. 48, Hazaribag 825 301, Jharkhand",Jharkhand,Govt,5158304,
GROUP-2,216,"ICAR-N ational Research Centre for Banana, Trichi",Tamilnadu,Govt,6158404,
GROUP-2,217,"ICAR-N ational Research Centre for Grapes, Pune",Maharashtra,Govt,7158504,
GROUP-2,218,"ICAR-N ational Research Centre for Litchi, Muzaffarpur",Bihar,Govt,5158604,
GROUP-2,219,"ICAR-N ational Research Centre for Pomegranate, Solapur",Maharashtra,Govt,7158704,
GROUP-2,220,"ICAR-N ational Research Centre on Camel, Bikaner",Rajasthan,Govt,8158804,
GROUP-2,221,"ICAR-N ational Research Centre on Equines, Hisar",Haryana,Govt,9158904,
GROUP-2,222,"ICAR-N ational Research Centre on Meat, Hyderabad",Telengana,Govt,6159004,
GROUP-2,223,"ICAR-N ational Research Centre on Mithun, Medziphema, Nagaland",Nagaland,Govt,5159104,
GROUP-2,224,"ICAR-N ational Research Centre on Orchids, Pakyong, Sikkim",Sikkim,Govt,5159204,
GROUP-2,225,"ICAR-N ational Research Centre on Pig, Guwahati",Guwahati,Govt,5159304,
GROUP-2,226,"ICAR-N ational Research Centre on Plant Biotechnology, New Delhi",Delhi,Govt,8159404,
GROUP-2,227,"ICAR-N ational Research Centre on Seed Spices, Ajmer",Rajasthan,Govt,8159504,
GROUP-2,228,"ICAR-N ational Research Centre on Yak, West Kemang",Arunachal Pradesh,Govt,5159604,
GROUP-2,229,"ICAR-N ational Centre for Integrated Pest Management, New Delhi",Delhi,Govt,8159704,
GROUP-2,230,"Nationa l Research Centre on Integrated Farming (ICAR-NRCIF),Motihari",Bihar,Govt,5159804,
GROUP-2,231,"ICAR-N ational Bureau of Plant Genetics Resources, New Delhi",Delhi,Govt,8159904,
GROUP-2,232,"ICAR-N ational Bureau of Agriculturally Important Micro-organisms, Mau, Uttar Pradesh",U.P.,Govt,9160004,
GROUP-2,233,"ICAR-N ational Bureau of Agricultural Insect Resources, Bengaluru",Karnatka,Govt,6160104,
GROUP-2,234,"ICAR-N ational Bureau of Soil Survey and Land Use Planning, Nagpur",Maharashtra,Govt,7160204,
GROUP-2,235,"ICAR-N ational Bureau of Animal Genetic Resources, Karnal",Haryana,Govt,9160304,
GROUP-2,236,"ICAR-National Bureau of Fish Genetic Resources, Lucknow",U.P.,Govt,9160404,
GROUP-2,237,"ICAR-D irectorate of Groundnut Research, Junagarh",Gujarat,Govt,7160504,
GROUP-2,238,"ICAR-D irectorate of Soybean Research, Indore",M.P.,Govt,8160604,
GROUP-2,239,"ICAR-D irectorate of Rapeseed & Mustard Research, Bharatpur",Rajasthan,Govt,8160704,
GROUP-2,240,"ICAR-D irectorate of Mushroom Research, Solan",H.P.,Govt,9160804,
GROUP-2,241,"ICAR-Directorate on Onion and Garlic Research, Pune",Maharashtra,Govt,7160904,
GROUP-2,242,"ICAR-D irectorate of Cashew Research, Puttur",Karnatka,Govt,6161004,
GROUP-2,243,"ICAR-D irectorate of Medicinal and Aromatic Plants Research, Anand",Gujarat,Govt,7161104,
GROUP-2,244,"ICAR-D irectorate of Floricultural Research, Pune, Maharashtra",Maharashtra,Govt,7161204,
GROUP-2,245,"ICAR-D irectorate of Weed Research, Jabalpur",M.P.,Govt,8161304,
GROUP-2,246,"ICAR-P roject Directorate on Foot & Mouth Disease, Mukteshwar",Uttarakhand,Govt,9161404,
GROUP-2,247,"ICAR-D irectorate of Poultry Research, Hyderabad",Telengana,Govt,6161504,
GROUP-2,248,"ICAR-D irectorate of Knowledge Management in Agriculture (DKMA), New Delhi",Delhi,Govt,8161604,
GROUP-2,249,"ICAR-D irectorate of Cold Water Fisheries Research, Bhimtal, Nainital",Uttarakhand,Govt,9161704,
GROUP-2,250,"Farm M achinery and Power Engineering, College of Agricultural Engineering and Technology (PAU), Ludhiana",Punjab,Govt,9162634,
GROUP-2,251,"Nationa l Test House, Guwahati",Assam,Govt,5163214,
GROUP-2,252,"Northe rn India Textile Research Association, Ghaziabad",U.P.,Govt,8163504,
GROUP-2,253,"Bhavan s Research Centre (BRC), Mumbai",Maharashtra,Govt,7163714,
GROUP-2,254,"Nationa l Sugar Institute, Kanpur",U.P.,Govt,9164114,
GROUP-2,255,"Central Institute of Hand Tools, Jalandhar",Punjab,Govt,9164435,
GROUP-2,256,"The So uth India Textile Research Association, Coimbatore",Tamilnadu,Govt,6165234,
GROUP-2,257,"Region al Reference Standard Laboratory, Bhubaneswar",Odisha,Govt,5165624,
GROUP-2,258,"Region al Reference Standard Laboratory, Ahemdabad",Gujarat,Govt,7168204,
GROUP-2,259,"Tamil N aduVeterinary and Animal Sciences University, Chennai",Tamilnadu,Govt,6168114,
GROUP-2,260,"Nationa l Forensic Sciences University, Gandhi Nagar",Gujarat,Govt,7170534,
GROUP-2,261,"Footwe ar Design & Development Institute, Chennai",Tamil Nadu,Govt,6172504,
GROUP-2,262,"Ahmed abad Textile Industry's Reserach Association, Ahmedabad",Gujarat,Govt,7173002,
GROUP-2,263,"Food T esting Laboratory, NIFTEM Thanjavur",Tamil Nadu,Govt,6172804,
GROUP-2,264,"Water Q uality Laboratory, Roorkee",Uttarakhand,Govt,9172904,
GROUP-2,265,"Fire En gineering Research Laboratory, Ghandhinagar",Gujarat,Govt,7173934,
GROUP-2,266,"The Sy nthetic and Art Silk Mills' Research Association, Mumbai",Maharashtra,Govt,7175004,
GROUP-2,267,"Indian Institute of Packaging, Delhi",Delhi,Govt,8177901,
GROUP-2,268,"Nationa l Fire Service College, Nagpur",Maharashtra,Govt,7178804,
GROUP-2,269,MSME -Testing Station Kolhapur,Maharashtra,Govt,7179134,
GROUP-2,270,"The Ma n Made Textile Research Association, Surat",Gujarat,Govt,7179304,
GROUP-2,271,"Central Quality Control Laboratory- Rubber Board, Kottayam",Kerala,Govt,6179404,
GROUP-2,272,"Electro nics Test & Development Centre, North Goa",Goa,Govt,6180624,
GROUP-2,273,"Electro nics Test and Development Center, STQC Directorate, Hyderabad.",Telangana,Govt,7180724,
GROUP-2,274,"Electro nics Test and Development Centre, Guwahati",Assam,Govt,5181024,
GROUP-2,275,"Electro nics Test and Development Centre, Chennai",Tamil Nadu,Govt,6180924,
GROUP-2,276,"MSME TESTING STATION, HYDERABAD",Telangana,Govt,6181104,
GROUP-2,277,"ELECT RONICS TEST AND DEVELOPMENT CENTRE,BANGALORE",Karnataka,Govt,6181224,
GROUP-2,278,"Electro nics Test and Development Centre, Jaipur",Rajasthan,Govt,8181324,
GROUP-2,279,STQC ETDC SOLAN,HP,Govt,8181424,
GROUP-2,280,"Electro nics Regional Test Laboratory (South), Thiruvananthapuram",Kerala,Govt,6181524,
GROUP-2,281,"Electro nics Test and Development Centre, Pune",Maharashtra,Govt,7181624,
GROUP-2,282,"Electro nics Test and Development Centre, Mohali",Punjab,Govt,9181724,
GROUP-2,283,ETDC Ajmer,Rajasthan,Govt,8181824,
GROUP-2,284,"Electro nics Test and Development Centre, Agartala",Tripura,Govt,5181924,
GROUP-2,285,"Wool R esearch Association, Thane",Maharashtra,Govt,7182504,
GROUP-2,286,MSME TESTING STATION,Puducherry,Govt,6183904,
GROUP-2,287,"CSIR- Central Building Research Institute, Haridwar",Uttarakhand,Govt,9184204,
GROUP-2,288,"JAWA HARLAL NEHRU ALUMINIUM RESEARCH DEVELOPMENT AND DESIGN CENTER, Nagpur",Maharashtra,Govt,7184804,
GROUP-2,289,"MSME - Testing Station, Jaipur",Rajasthan,Govt,8185014,
GROUP-2,290,"CSMC RI - Analytical Testing and Evaluation Laboratory, Bhavnagar",Gujarat,Govt,7185714,
GROUP-2,291,"INDIA N JUTE INDUSTRIES' RESEARCH ASSOCIATION, Kolkata",West Bengal,Govt,5186134,
GROUP-2,292,"MSME TESTING CENTER, Ahmadabad",Gujarat,Govt,7186204,
GROUP-2,293,"Indiano il Corporation Ltd (IOCL),Northeast Region Smart Laboratory, Betkuchi, Guwahati",Assam,Govt,5188714,
GROUP-2,294,"Indian Oil Corporation Ltd (IOCL) Panipat Marketing Complex Laboratory, Panipat",Haryana,Govt,9189614,
GROUP-2,295,"Indian Oil Corporation Ltd (IOCL) Jodhpur Terminal Laboratory, Jodhpur",Rajasthan,Govt,8189814,
GROUP-2,296,"Indian Oil Corporation Ltd (IOCL) Rewari Terminal Laboratory, Rewari",Haryana,Govt,8189914,
GROUP-2,297,"Indian Oil Corporation Ltd (IOCL) Jalandhar Terminal Laboratory, Jalandhar",Punjab,Govt,9190014,
GROUP-2,298,"Indian Oil Corporation Ltd, Rajbandh Terminal Laboratory, Rajbandh",West Bengal,Govt,5190214,
GROUP-2,299,"Indian Oil Corporation Ltd, Nishatpura Laboratory, Bhopal",Madhya Pradesh,Govt,8190314,
GROUP-2,300,"Ahmed abad Lab, Indian Oil Corporation Ltd, Ahmedabad",Gujarat,Govt,7190414,
GROUP-2,301,"PRAYA GRAJ TERMINAL SMART LABORATORY, PRAYAGRAJ",Uttar Pradesh,Govt,9190614,
GROUP-2,302,"Indian Oil Corporation Ltd (IOCL), Visakha Smart laboratory, Visakhapatnam",Andhra Pradesh,Govt,6190814,
GROUP-2,303,MOTIH ARI TERMINAL LABORATORY,Bihar,Govt,9190914,
GROUP-2,304,"Indian Oil Corporation Ltd (IOCL), Vijayawada Smart Laboratory",Andhra Pradesh,Govt,6191014,
GROUP-2,305,"INDIA N OIL CORPORATION LTD(IOCL) HAZIRA LABORATORY, Surat",Gujarat,Govt,7191114,
GROUP-2,306,INDIA N Oil Corporation Ltd (IOCL) Mughalsarai Terminal Laboratory,Uttar Pradesh,Govt,9191314,
GROUP-2,307,Korba Laboratory Indian Oil Corporation Ltd,Chhattisgarh,Govt,5191414,
GROUP-2,308,"Indian Oil Corporation Ltd, Tikrin Kalan Lab, North West Delhi",Delhi,Govt,8191514,
GROUP-2,309,"INDIA N OIL CORPORATION LIMITED (IOCL), DELHI TERMINAL LABORATORY",Delhi,Govt,8191614,
GROUP-2,310,"Indiano il Corporation Ltd (IOCL), Jharsuguda Smart Laboratory",Odisha,Govt,5191914,
GROUP-2,311,Indian Oil Corporation Ltd(IOCL) Bhubaneswar Terminal Laboratory,Odisha,Govt,5192114,
GROUP-2,312,"INDIA N OIL CORPORATION LIMITED, ASANUR SMART LABORATORY",Tamil Nadu,Govt,6192214,
GROUP-2,313,Bathind a Terminal Laboratory,Punjab,Govt,9192314,
GROUP-2,314,"Eastern Regional Laboratory, Howrah Terminal",West Bengal,Govt,5192414,
GROUP-2,315,Ratlam Smart Laboratory,Madhya Pradesh,Govt,8192614,
GROUP-2,316,"NDIAN OIL CORPORATION LIMITED (MD), PARADEEP LABORATORY",Odisha,Govt,5192714,
GROUP-2,317,Baraun i Smart Laboratory (IOCL),Bihar,Govt,9192914,
GROUP-2,318,PATNA SMART LAB (IOCL),Bihar,Govt,9193014,
GROUP-2,319,"IOCL, LUCKNOW SMART LAB, AMAUSI, LUCKNOW",Uttar Pradesh,Govt,9193114,
GROUP-2,320,"Bengal uru Smart Laboratory, Indian Oil Corporation Limited",Karnataka,Govt,6193214,
GROUP-2,321,NDIAN OIL CORPORATION LTD MEERUT TERMINAL LAB (IOCL),Uttar Pradesh,Govt,8193414,
GROUP-2,322,Indian Oil Corporation Ltd. (IOCL) Baitalpur Depot Laboratory,Uttar Pradesh,Govt,9193514,
GROUP-2,323,COCH IN SMART LABORATORY (IOCL),Kerala,Govt,6193614,
GROUP-2,324,"INDIA N OIL CORPORATION LIMITED, BHARTAPUR TERMINAL LABORATORY (IOCL)",Rajasthan,Govt,8193714,
GROUP-2,325,"INDIA N OIL CORPORATION LTD CENTRAL LAB, Mumbai",Maharashtra,Govt,7193814,
GROUP-2,326,"Indian Oil Corporation Ltd. (IOCL), Salem Smart Laboratory, Salem",Tamil Nadu,Govt,6193914,
GROUP-2,327,Indian oil corporation LTD (IOCL) Sangrur Terminal Laboratory,Punjab,Govt,9194014,
GROUP-2,328,"Indian Oil Corporation Ltd (IOCL), Madurai Smart Laboratory",Tamil Nadu,Govt,6194114,
GROUP-2,329,"INDIA N OIL CORPORATION LIMITED (IOCL), CHITTAURGARH TERMINAL LABORATORY",Rajasthan,Govt,8194214,
GROUP-2,330,"Indian Oil Corporation Limited (IOCL), Kandla Laboratory",Gujarat,Govt,7194414,
GROUP-2,331,KHAPR I LABORATORY (IOCL),Maharashtra,Govt,7194514,
GROUP-2,332,"Khunti Smart Laboratory, Indian Oil Corporation Limited (IOCL)",Jharkhand,Govt,9194614,
GROUP-2,333,Indian Oil Corporation Ltd (IOCL) Jaipur Smart Laboratory,Rajasthan,Govt,8194714,
GROUP-2,334,"Indiano il Corporation Ltd (IOCL), Southern Region Smart Laboratory, Chennai",Tamil Nadu,Govt,6195014,
GROUP-2,335,Indian oil corporation ltd (IOCL) Agra Terminal laboratory,Uttar Pradesh,Govt,9195114,
GROUP-2,336,"Indian Oil Corporation Ltd (IOCL), Jasidih Smart Laboratory",Jharkhand,Govt,5195214,
GROUP-2,337,Indian Oil Corporation Ltd. (IOCL) (MD) Leh Depot Laboratory,Jammu & Kashmir,Govt,9195414,
GROUP-2,338,"MANM AD LABORATORY (IOCL), Nashik",Maharashtra,Govt,7195514,
GROUP-2,339,"Indian Oil Corporation Ltd (IOCL) Roorkee Terminal Lab, Haridwar",Uttarakhand,Govt,9195914,
GROUP-2,340,"INDIA N OIL CORPORATION LIMITED (IOCL), CHITTOOR SMART LABORATORY",Andhra Pradesh,Govt,6196014,
GROUP-2,341,"Indiano il Corporation Ltd (IOCL), Siliguri Lab",West Bengal,Govt,5196114,
GROUP-2,342,"INDIA N OIL CORPORATION LIMITED (IOCL), TRICHY SMART LABORATORY",Tamil Nadu,Govt,6196214,
GROUP-2,343,"IndianO il Corporation Limited (IOCL), Haldia Smart Laboratory, Haldia",West Bengal,Govt,5196314,
GROUP-2,344,"Indian Oil Corporation Limited (IOCL), Port Blair Laboratory",Andaman & Nicobar,Govt,6196414,
GROUP-2,345,MALK APUR LABORATORY (IOCL),Telangana,Govt,6196614,
GROUP-2,346,VASCO LABORATORY (IOCL),Goa,Govt,7196714,
GROUP-2,347,Indian Oil Corporation (IOCL) Mathura Terminal Laboratory,Uttar Pradesh,Govt,9197314,
GROUP-2,348,"Indian Oil Corporation Ltd(IOCL), Kakinada Laboratory",Andhra Pradesh,Govt,6197814,
GROUP-2,349,MANG ALORE SMART LABORATORY (IOCL),Karnataka,Govt,6198214,
GROUP-2,350,"Indian Oil Corporation Limited (IOCL), Quality Control Laboratory, Lube Oil Blending Plant Asaoti, Palwal",Haryana,Govt,9198714,
