Section,ID,Category,Question,Answer,Field_Name,Item_No,Field_Value
dataset_metadata,,,,,dataset_name,1,BIS Application and Licensing Information
dataset_metadata,,,,,source_organization,1,Bureau of Indian Standards (BIS)
dataset_metadata,,,,,source_type,1,Official BIS
dataset_metadata,,,,,last_verified,1,2026-09-22
dataset_metadata,,,,,source_urls,1,https://www.bis.gov.in/ apply-for-a- license/?lang=en
dataset_metadata,,,,,dataset_name,2,BIS Application and Licensing Information
dataset_metadata,,,,,source_organization,2,Bureau of Indian Standards (BIS)
dataset_metadata,,,,,source_type,2,Official BIS
dataset_metadata,,,,,last_verified,2,2026-09-22
dataset_metadata,,,,,source_urls,2,https://www.bis.gov.in/ product- certification/product-ce rtification- process/?lang=en
dataset_metadata,,,,,dataset_name,3,BIS Application and Licensing Information
dataset_metadata,,,,,source_organization,3,Bureau of Indian Standards (BIS)
dataset_metadata,,,,,source_type,3,Official BIS
dataset_metadata,,,,,last_verified,3,2026-09-22
dataset_metadata,,,,,source_urls,3,https://www.bis.gov.in/ product- certification/product-ce rtification-faq/?lang=en
dataset_metadata,,,,,dataset_name,4,BIS Application and Licensing Information
dataset_metadata,,,,,source_organization,4,Bureau of Indian Standards (BIS)
dataset_metadata,,,,,source_type,4,Official BIS
dataset_metadata,,,,,last_verified,4,2026-09-22
dataset_metadata,,,,,source_urls,4,https://www.bis.gov.in/ apply-for-renewal-of- license/?lang=en
dataset_metadata,,,,,dataset_name,5,BIS Application and Licensing Information
dataset_metadata,,,,,source_organization,5,Bureau of Indian Standards (BIS)
dataset_metadata,,,,,source_type,5,Official BIS
dataset_metadata,,,,,last_verified,5,2026-09-22
dataset_metadata,,,,,source_urls,5,https://www.bis.gov.in/ product- certification/product-ce rtification-fee/?lang=en
licensing_information,,,,,licensing_information,1,"{'id': 'BIS-LIC-007', 'category': 'Infrastructure', 'question': 'What infrastructure is required for BIS certification?', 'answer': 'The manufacturer should analyse and document the..."
licensing_information,,,,,licensing_information,2,"{'id': 'BIS-LIC-008', 'category': 'Product Manual', 'question': 'Where can I find product- specific BIS requirements?', 'answer': 'BIS provides product-specific technical manuals...."
licensing_information,,,,,licensing_information,3,"{'id': 'BIS-LIC-009', 'category': 'Cost', 'question': 'How much does BIS certification cost?', 'answer': 'The total cost depends on the product, certification procedure, inspection..."
licensing_information,,,,,licensing_information,4,"{'id': 'BIS-LIC-010', 'category': 'Marking Fee', 'question': 'What is BIS marking fee?', 'answer': 'A product-specific marking fee is applicable under the relevant BIS certification scheme. BIS..."
licensing_information,,,,,licensing_information,5,"{'id': 'BIS-LIC-011', 'category': 'Application Fee', 'question': 'What is the BIS application fee?', 'answer': 'For BIS product certification, the FAQ currently states an application fee of..."
licensing_information,,,,,licensing_information,6,"{'id': 'BIS-LIC-012', 'category': 'Inspection Fee', 'question': 'What is the BIS inspection fee?', 'answer': 'The BIS product certification FAQ states an inspection fee of n7,000 per man-day..."
licensing_information,,,,,licensing_information,7,"{'id': 'BIS-LIC-013', 'category': 'Annual Licence Fee', 'question': 'What is the annual BIS licence fee?', 'answer': 'The BIS product certification FAQ states an annual licence fee of n1,000, in..."
licensing_information,,,,,licensing_information,8,"{'id': 'BIS-LIC-014', 'category': 'Timeline', 'question': 'How long does BIS certification take?', 'answer': 'BIS states that the average time for grant of licence under Option 2 is..."
licensing_information,,,,,licensing_information,9,"{'id': 'BIS-LIC-015', 'category': 'Licence Validity', 'question': 'How long is a BIS product certification licence valid?', 'answer': 'BIS states that Scheme-I certification may initially..."
licensing_information,,,,,licensing_information,10,"{'id': 'BIS-LIC-016', 'category': 'Renewal', 'question': 'How do I renew my BIS licence?', 'answer': 'Renewal is requested online through the Manakonline portal. The renewal application,..."
licensing_information,,,,,licensing_information,11,"{'id': 'BIS-LIC-017', 'category': 'Renewal', 'question': 'For how many years can I apply for BIS licence renewal?', 'answer': 'BIS states that renewal can be applied for a minimum period of one..."
licensing_information,,,,,licensing_information,12,"{'id': 'BIS-LIC-018', 'category': 'Renewal Documents', 'question': 'What information is required for BIS licence renewal?', 'answer': 'The renewal process requires the applicable renewal..."
licensing_information,,,,,licensing_information,13,"{'id': 'BIS-LIC-019', 'category': 'Renewal', 'question': 'What happens if I apply for renewal after the licence expires?', 'answer': 'BIS provisions can result in deferment of renewal when..."
licensing_information,,,,,licensing_information,14,"{'id': 'BIS-LIC-020', 'category': 'Change of Scope', 'question': 'Can I change the scope of my BIS licence?', 'answer': 'Yes. Licensees can apply for a change in the existing scope of their..."
licensing_information,,,,,licensing_information,15,"{'id': 'BIS-LIC-021', 'category': 'Non- Conformity', 'question': 'What happens if the product does not conform to the BIS standard?', 'answer': 'The BIS certification process includes..."
licensing_information,,,,,licensing_information,16,"{'id': 'BIS-LIC-022', 'category': 'Licence Conditions', 'question': 'What are the conditions for using the BIS Standard Mark?', 'answer': 'The conditions for using or applying the BIS Standard..."
licensing_information,,,,,licensing_information,17,"{'id': 'BIS-LIC-023', 'category': 'Non- Compliance', 'question': 'What happens if a BIS licence condition is violated?', 'answer': 'BIS states that a licence may be cancelled in..."
licensing_information,,,,,licensing_information,18,"{'id': 'BIS-LIC-024', 'category': 'Online Application', 'question': 'Are BIS licence applications submitted online?', 'answer': 'Yes. BIS states that applications for product..."
licensing_information,,,,,licensing_information,19,"{'id': 'BIS-LIC-025', 'category': 'Applicant Checklist', 'question': 'What should a manufacturer prepare before applying for BIS certification?', 'answer': 'The manufacturer..."
licensing_information,,,,,licensing_information,20,"{'id': 'BIS-LIC-026', 'category': 'Chatbot Intent', 'question_examples': ['How do I apply for BIS licence?', 'How can I get BIS certification?', 'What is the BIS certification process?', 'Where..."
licensing_information,BIS-LIC-001,Application,How do I apply for BIS licence?,BIS product certification applications are submitted online through the Manakonline portal. The process begins by identifying the applicable Indian Standard for the product.,steps,1,Identify the applicable Indian Standard for the product.
licensing_information,BIS-LIC-001,Application,How do I apply for BIS licence?,BIS product certification applications are submitted online through the Manakonline portal. The process begins by identifying the applicable Indian Standard for the product.,steps,2,Study the requirements of the applicable Indian Standard.
licensing_information,BIS-LIC-001,Application,How do I apply for BIS licence?,BIS product certification applications are submitted online through the Manakonline portal. The process begins by identifying the applicable Indian Standard for the product.,steps,3,Analyse the required manufacturing infrastructure.
licensing_information,BIS-LIC-001,Application,How do I apply for BIS licence?,BIS product certification applications are submitted online through the Manakonline portal. The process begins by identifying the applicable Indian Standard for the product.,steps,4,Establish appropriate process controls.
licensing_information,BIS-LIC-001,Application,How do I apply for BIS licence?,BIS product certification applications are submitted online through the Manakonline portal. The process begins by identifying the applicable Indian Standard for the product.,steps,5,Establish quality-control and testing capabilities.
licensing_information,BIS-LIC-001,Application,How do I apply for BIS licence?,BIS product certification applications are submitted online through the Manakonline portal. The process begins by identifying the applicable Indian Standard for the product.,steps,6,Refer to the applicable BIS product manual and technical requirements.
licensing_information,BIS-LIC-001,Application,How do I apply for BIS licence?,BIS product certification applications are submitted online through the Manakonline portal. The process begins by identifying the applicable Indian Standard for the product.,steps,7,Submit the application online through the Manakonline portal.
licensing_information,BIS-LIC-001,Application,How do I apply for BIS licence?,BIS product certification applications are submitted online through the Manakonline portal. The process begins by identifying the applicable Indian Standard for the product.,steps,8,Pay the applicable fees online.
licensing_information,BIS-LIC-001,Application,How do I apply for BIS licence?,BIS product certification applications are submitted online through the Manakonline portal. The process begins by identifying the applicable Indian Standard for the product.,steps,9,Undergo BIS assessment of the manufacturing premises and related capabilities.
licensing_information,BIS-LIC-001,Application,How do I apply for BIS licence?,BIS product certification applications are submitted online through the Manakonline portal. The process begins by identifying the applicable Indian Standard for the product.,steps,10,Establish conformity of the product through applicable testing.
licensing_information,BIS-LIC-001,Application,How do I apply for BIS licence?,BIS product certification applications are submitted online through the Manakonline portal. The process begins by identifying the applicable Indian Standard for the product.,steps,11,"After successful assessment and conformity evaluation, BIS may grant the licence."
licensing_information,BIS-LIC-001,Application,How do I apply for BIS licence?,BIS product certification applications are submitted online through the Manakonline portal. The process begins by identifying the applicable Indian Standard for the product.,application_mode,1,Online
licensing_information,BIS-LIC-001,Application,How do I apply for BIS licence?,BIS product certification applications are submitted online through the Manakonline portal. The process begins by identifying the applicable Indian Standard for the product.,portal,1,https://www.manakonline.in/
licensing_information,BIS-LIC-001,Application,How do I apply for BIS licence?,BIS product certification applications are submitted online through the Manakonline portal. The process begins by identifying the applicable Indian Standard for the product.,official_source,1,https://www.bis.gov.in/apply-for-a- license/?lang=en
licensing_information,BIS-LIC-002,First Step,What should I do before applying for BIS certification?,"First identify the Indian Standard applicable to the product. The manufacturer should then understand the standard requirements and analyse the required manufacturing infrastructure, process...",required_information,1,Product name
licensing_information,BIS-LIC-002,First Step,What should I do before applying for BIS certification?,"First identify the Indian Standard applicable to the product. The manufacturer should then understand the standard requirements and analyse the required manufacturing infrastructure, process...",required_information,2,Applicable Indian Standard number
licensing_information,BIS-LIC-002,First Step,What should I do before applying for BIS certification?,"First identify the Indian Standard applicable to the product. The manufacturer should then understand the standard requirements and analyse the required manufacturing infrastructure, process...",required_information,3,Manufacturing location
licensing_information,BIS-LIC-002,First Step,What should I do before applying for BIS certification?,"First identify the Indian Standard applicable to the product. The manufacturer should then understand the standard requirements and analyse the required manufacturing infrastructure, process...",required_information,4,Manufacturing infrastructure
licensing_information,BIS-LIC-002,First Step,What should I do before applying for BIS certification?,"First identify the Indian Standard applicable to the product. The manufacturer should then understand the standard requirements and analyse the required manufacturing infrastructure, process...",required_information,5,Process controls
licensing_information,BIS-LIC-002,First Step,What should I do before applying for BIS certification?,"First identify the Indian Standard applicable to the product. The manufacturer should then understand the standard requirements and analyse the required manufacturing infrastructure, process...",required_information,6,Quality-control system
licensing_information,BIS-LIC-002,First Step,What should I do before applying for BIS certification?,"First identify the Indian Standard applicable to the product. The manufacturer should then understand the standard requirements and analyse the required manufacturing infrastructure, process...",required_information,7,Testing facilities
licensing_information,BIS-LIC-002,First Step,What should I do before applying for BIS certification?,"First identify the Indian Standard applicable to the product. The manufacturer should then understand the standard requirements and analyse the required manufacturing infrastructure, process...",required_information,8,Applicable product-specific requirements
licensing_information,BIS-LIC-002,First Step,What should I do before applying for BIS certification?,"First identify the Indian Standard applicable to the product. The manufacturer should then understand the standard requirements and analyse the required manufacturing infrastructure, process...",official_source,1,https://www.bis.gov.in/apply-for-a- license/?lang=en
licensing_information,BIS-LIC-003,Certification Process,What are the steps for BIS certification?,"The BIS product certification process generally involves identification of the applicable Indian Standard, preparation of manufacturing and testing capabilities, submission of an online application,...",steps,1,"{'step': 1, 'name': 'Identify Indian Standard', 'description': 'Find the Indian Standard applicable to the product.'}"
licensing_information,BIS-LIC-003,Certification Process,What are the steps for BIS certification?,"The BIS product certification process generally involves identification of the applicable Indian Standard, preparation of manufacturing and testing capabilities, submission of an online application,...",steps,2,"{'step': 2, 'name': 'Study requirements', 'description': 'Understand product requirements and applicable BIS technical documentation.'}"
licensing_information,BIS-LIC-003,Certification Process,What are the steps for BIS certification?,"The BIS product certification process generally involves identification of the applicable Indian Standard, preparation of manufacturing and testing capabilities, submission of an online application,...",steps,3,"{'step': 3, 'name': 'Prepare manufacturing infrastructure', 'description': 'Ensure that the required manufacturing infrastructure is available.'}"
licensing_information,BIS-LIC-003,Certification Process,What are the steps for BIS certification?,"The BIS product certification process generally involves identification of the applicable Indian Standard, preparation of manufacturing and testing capabilities, submission of an online application,...",steps,4,"{'step': 4, 'name': 'Prepare process controls', 'description': 'Establish appropriate process controls for manufacturing.'}"
licensing_information,BIS-LIC-003,Certification Process,What are the steps for BIS certification?,"The BIS product certification process generally involves identification of the applicable Indian Standard, preparation of manufacturing and testing capabilities, submission of an online application,...",steps,5,"{'step': 5, 'name': 'Prepare quality and testing capabilities', 'description': 'Establish required quality-control and testing capabilities.'}"
licensing_information,BIS-LIC-003,Certification Process,What are the steps for BIS certification?,"The BIS product certification process generally involves identification of the applicable Indian Standard, preparation of manufacturing and testing capabilities, submission of an online application,...",steps,6,"{'step': 6, 'name': 'Submit application', 'description': 'Submit the application online through Manakonline.'}"
licensing_information,BIS-LIC-003,Certification Process,What are the steps for BIS certification?,"The BIS product certification process generally involves identification of the applicable Indian Standard, preparation of manufacturing and testing capabilities, submission of an online application,...",steps,7,"{'step': 7, 'name': 'BIS assessment', 'description': 'BIS assesses manufacturing infrastructure, process controls, quality-control and testing capabilities.'}"
licensing_information,BIS-LIC-003,Certification Process,What are the steps for BIS certification?,"The BIS product certification process generally involves identification of the applicable Indian Standard, preparation of manufacturing and testing capabilities, submission of an online application,...",steps,8,"{'step': 8, 'name': 'Product conformity testing', 'description': 'Product conformity is established through applicable laboratory or manufacturing- premises testing.'}"
licensing_information,BIS-LIC-003,Certification Process,What are the steps for BIS certification?,"The BIS product certification process generally involves identification of the applicable Indian Standard, preparation of manufacturing and testing capabilities, submission of an online application,...",steps,9,"{'step': 9, 'name': 'Licence decision', 'description': 'BIS takes a decision on grant of the licence after the applicable requirements are satisfied.'}"
licensing_information,BIS-LIC-003,Certification Process,What are the steps for BIS certification?,"The BIS product certification process generally involves identification of the applicable Indian Standard, preparation of manufacturing and testing capabilities, submission of an online application,...",step,1,1
licensing_information,BIS-LIC-003,Certification Process,What are the steps for BIS certification?,"The BIS product certification process generally involves identification of the applicable Indian Standard, preparation of manufacturing and testing capabilities, submission of an online application,...",name,1,Identify Indian Standard
licensing_information,BIS-LIC-003,Certification Process,What are the steps for BIS certification?,"The BIS product certification process generally involves identification of the applicable Indian Standard, preparation of manufacturing and testing capabilities, submission of an online application,...",description,1,Find the Indian Standard applicable to the product.
licensing_information,BIS-LIC-003,Certification Process,What are the steps for BIS certification?,"The BIS product certification process generally involves identification of the applicable Indian Standard, preparation of manufacturing and testing capabilities, submission of an online application,...",step,2,2
licensing_information,BIS-LIC-003,Certification Process,What are the steps for BIS certification?,"The BIS product certification process generally involves identification of the applicable Indian Standard, preparation of manufacturing and testing capabilities, submission of an online application,...",name,2,Study requirements
licensing_information,BIS-LIC-003,Certification Process,What are the steps for BIS certification?,"The BIS product certification process generally involves identification of the applicable Indian Standard, preparation of manufacturing and testing capabilities, submission of an online application,...",description,2,Understand product requirements and applicable BIS technical documentation.
licensing_information,BIS-LIC-003,Certification Process,What are the steps for BIS certification?,"The BIS product certification process generally involves identification of the applicable Indian Standard, preparation of manufacturing and testing capabilities, submission of an online application,...",step,3,3
licensing_information,BIS-LIC-003,Certification Process,What are the steps for BIS certification?,"The BIS product certification process generally involves identification of the applicable Indian Standard, preparation of manufacturing and testing capabilities, submission of an online application,...",name,3,Prepare manufacturing infrastructure
licensing_information,BIS-LIC-003,Certification Process,What are the steps for BIS certification?,"The BIS product certification process generally involves identification of the applicable Indian Standard, preparation of manufacturing and testing capabilities, submission of an online application,...",description,3,Ensure that the required manufacturing infrastructure is available.
licensing_information,BIS-LIC-003,Certification Process,What are the steps for BIS certification?,"The BIS product certification process generally involves identification of the applicable Indian Standard, preparation of manufacturing and testing capabilities, submission of an online application,...",step,4,4
licensing_information,BIS-LIC-003,Certification Process,What are the steps for BIS certification?,"The BIS product certification process generally involves identification of the applicable Indian Standard, preparation of manufacturing and testing capabilities, submission of an online application,...",name,4,Prepare process controls
licensing_information,BIS-LIC-003,Certification Process,What are the steps for BIS certification?,"The BIS product certification process generally involves identification of the applicable Indian Standard, preparation of manufacturing and testing capabilities, submission of an online application,...",description,4,Establish appropriate process controls for manufacturing.
licensing_information,BIS-LIC-003,Certification Process,What are the steps for BIS certification?,"The BIS product certification process generally involves identification of the applicable Indian Standard, preparation of manufacturing and testing capabilities, submission of an online application,...",step,5,5
licensing_information,BIS-LIC-003,Certification Process,What are the steps for BIS certification?,"The BIS product certification process generally involves identification of the applicable Indian Standard, preparation of manufacturing and testing capabilities, submission of an online application,...",name,5,Prepare quality and testing capabilities
licensing_information,BIS-LIC-003,Certification Process,What are the steps for BIS certification?,"The BIS product certification process generally involves identification of the applicable Indian Standard, preparation of manufacturing and testing capabilities, submission of an online application,...",description,5,Establish required quality-control and testing capabilities.
licensing_information,BIS-LIC-003,Certification Process,What are the steps for BIS certification?,"The BIS product certification process generally involves identification of the applicable Indian Standard, preparation of manufacturing and testing capabilities, submission of an online application,...",step,6,6
licensing_information,BIS-LIC-003,Certification Process,What are the steps for BIS certification?,"The BIS product certification process generally involves identification of the applicable Indian Standard, preparation of manufacturing and testing capabilities, submission of an online application,...",name,6,Submit application
licensing_information,BIS-LIC-003,Certification Process,What are the steps for BIS certification?,"The BIS product certification process generally involves identification of the applicable Indian Standard, preparation of manufacturing and testing capabilities, submission of an online application,...",description,6,Submit the application online through Manakonline.
licensing_information,BIS-LIC-003,Certification Process,What are the steps for BIS certification?,"The BIS product certification process generally involves identification of the applicable Indian Standard, preparation of manufacturing and testing capabilities, submission of an online application,...",step,7,7
licensing_information,BIS-LIC-003,Certification Process,What are the steps for BIS certification?,"The BIS product certification process generally involves identification of the applicable Indian Standard, preparation of manufacturing and testing capabilities, submission of an online application,...",name,7,BIS assessment
licensing_information,BIS-LIC-003,Certification Process,What are the steps for BIS certification?,"The BIS product certification process generally involves identification of the applicable Indian Standard, preparation of manufacturing and testing capabilities, submission of an online application,...",description,7,"BIS assesses manufacturing infrastructure, process controls, quality-control and testing capabilities."
licensing_information,BIS-LIC-003,Certification Process,What are the steps for BIS certification?,"The BIS product certification process generally involves identification of the applicable Indian Standard, preparation of manufacturing and testing capabilities, submission of an online application,...",step,8,8
licensing_information,BIS-LIC-003,Certification Process,What are the steps for BIS certification?,"The BIS product certification process generally involves identification of the applicable Indian Standard, preparation of manufacturing and testing capabilities, submission of an online application,...",name,8,Product conformity testing
licensing_information,BIS-LIC-003,Certification Process,What are the steps for BIS certification?,"The BIS product certification process generally involves identification of the applicable Indian Standard, preparation of manufacturing and testing capabilities, submission of an online application,...",description,8,Product conformity is established through applicable laboratory or manufacturing-premises testing.
licensing_information,BIS-LIC-003,Certification Process,What are the steps for BIS certification?,"The BIS product certification process generally involves identification of the applicable Indian Standard, preparation of manufacturing and testing capabilities, submission of an online application,...",step,9,9
licensing_information,BIS-LIC-003,Certification Process,What are the steps for BIS certification?,"The BIS product certification process generally involves identification of the applicable Indian Standard, preparation of manufacturing and testing capabilities, submission of an online application,...",name,9,Licence decision
licensing_information,BIS-LIC-003,Certification Process,What are the steps for BIS certification?,"The BIS product certification process generally involves identification of the applicable Indian Standard, preparation of manufacturing and testing capabilities, submission of an online application,...",description,9,BIS takes a decision on grant of the licence after the applicable requirements are satisfied.
licensing_information,BIS-LIC-003,Certification Process,What are the steps for BIS certification?,"The BIS product certification process generally involves identification of the applicable Indian Standard, preparation of manufacturing and testing capabilities, submission of an online application,...",official_source,1,https://www.bis.gov.in/product- certification/product-certification- process/?lang=en
licensing_information,BIS-LIC-004,Testing,What testing is required for BIS certification?,"Testing requirements depend on the applicable Indian Standard and product. Product conformity may be established through third-party laboratory testing, testing at the manufacturing premises, or...",testing_types,1,Third-party laboratory testing
licensing_information,BIS-LIC-004,Testing,What testing is required for BIS certification?,"Testing requirements depend on the applicable Indian Standard and product. Product conformity may be established through third-party laboratory testing, testing at the manufacturing premises, or...",testing_types,2,Testing at manufacturing premises
licensing_information,BIS-LIC-004,Testing,What testing is required for BIS certification?,"Testing requirements depend on the applicable Indian Standard and product. Product conformity may be established through third-party laboratory testing, testing at the manufacturing premises, or...",testing_types,3,Combination of laboratory and manufacturing- premises testing
licensing_information,BIS-LIC-004,Testing,What testing is required for BIS certification?,"Testing requirements depend on the applicable Indian Standard and product. Product conformity may be established through third-party laboratory testing, testing at the manufacturing premises, or...",important_note,1,"The exact tests, test methods, sampling requirements and acceptance criteria are product- specific."
licensing_information,BIS-LIC-004,Testing,What testing is required for BIS certification?,"Testing requirements depend on the applicable Indian Standard and product. Product conformity may be established through third-party laboratory testing, testing at the manufacturing premises, or...",official_source,1,https://www.bis.gov.in/apply-for-a- license/?lang=en
licensing_information,BIS-LIC-005,Testing Laboratories,Where can I get my product tested for BIS certification?,"For applicable BIS product certification procedures, testing may need to be performed by BIS, a BIS-recognized laboratory or a BIS- empanelled laboratory, depending on the applicable...",laboratory_requirement,1,Use the laboratory information applicable to the relevant Indian Standard and certification scheme.
licensing_information,BIS-LIC-005,Testing Laboratories,Where can I get my product tested for BIS certification?,"For applicable BIS product certification procedures, testing may need to be performed by BIS, a BIS-recognized laboratory or a BIS- empanelled laboratory, depending on the applicable...",official_source,1,https://www.bis.gov.in/product- certification/product-certification-faq/?lang=en
licensing_information,BIS-LIC-006,Testing,How old can a test report be for BIS licence application?,"For Option 2 under the product certification process, BIS states that test reports should generally not be more than 90 days old, subject to the applicable detailed guidelines.",validity_days,1,90
licensing_information,BIS-LIC-006,Testing,How old can a test report be for BIS licence application?,"For Option 2 under the product certification process, BIS states that test reports should generally not be more than 90 days old, subject to the applicable detailed guidelines.",applies_to,1,Option 2
licensing_information,BIS-LIC-006,Testing,How old can a test report be for BIS licence application?,"For Option 2 under the product certification process, BIS states that test reports should generally not be more than 90 days old, subject to the applicable detailed guidelines.",official_source,1,https://www.bis.gov.in/product- certification/product-certification-faq/?lang=en
licensing_information,BIS-LIC-007,Infrastructure,What infrastructure is required for BIS certification?,"The manufacturer should analyse and document the manufacturing infrastructure required by the applicable Indian Standard. BIS also assesses manufacturing infrastructure, process controls,...",infrastructure_categories,1,Manufacturing facilities
licensing_information,BIS-LIC-007,Infrastructure,What infrastructure is required for BIS certification?,"The manufacturer should analyse and document the manufacturing infrastructure required by the applicable Indian Standard. BIS also assesses manufacturing infrastructure, process controls,...",infrastructure_categories,2,Production equipment
licensing_information,BIS-LIC-007,Infrastructure,What infrastructure is required for BIS certification?,"The manufacturer should analyse and document the manufacturing infrastructure required by the applicable Indian Standard. BIS also assesses manufacturing infrastructure, process controls,...",infrastructure_categories,3,Process-control arrangements
licensing_information,BIS-LIC-007,Infrastructure,What infrastructure is required for BIS certification?,"The manufacturer should analyse and document the manufacturing infrastructure required by the applicable Indian Standard. BIS also assesses manufacturing infrastructure, process controls,...",infrastructure_categories,4,Quality-control facilities
licensing_information,BIS-LIC-007,Infrastructure,What infrastructure is required for BIS certification?,"The manufacturer should analyse and document the manufacturing infrastructure required by the applicable Indian Standard. BIS also assesses manufacturing infrastructure, process controls,...",infrastructure_categories,5,Testing equipment
licensing_information,BIS-LIC-007,Infrastructure,What infrastructure is required for BIS certification?,"The manufacturer should analyse and document the manufacturing infrastructure required by the applicable Indian Standard. BIS also assesses manufacturing infrastructure, process controls,...",infrastructure_categories,6,Testing facilities
licensing_information,BIS-LIC-007,Infrastructure,What infrastructure is required for BIS certification?,"The manufacturer should analyse and document the manufacturing infrastructure required by the applicable Indian Standard. BIS also assesses manufacturing infrastructure, process controls,...",infrastructure_categories,7,Qualified personnel where required
licensing_information,BIS-LIC-007,Infrastructure,What infrastructure is required for BIS certification?,"The manufacturer should analyse and document the manufacturing infrastructure required by the applicable Indian Standard. BIS also assesses manufacturing infrastructure, process controls,...",infrastructure_categories,8,Product-specific manufacturing arrangements
licensing_information,BIS-LIC-007,Infrastructure,What infrastructure is required for BIS certification?,"The manufacturer should analyse and document the manufacturing infrastructure required by the applicable Indian Standard. BIS also assesses manufacturing infrastructure, process controls,...",important_note,1,Exact infrastructure and equipment requirements depend on the applicable Indian Standard and product manual.
licensing_information,BIS-LIC-007,Infrastructure,What infrastructure is required for BIS certification?,"The manufacturer should analyse and document the manufacturing infrastructure required by the applicable Indian Standard. BIS also assesses manufacturing infrastructure, process controls,...",official_source,1,https://www.bis.gov.in/apply-for-a- license/?lang=en
licensing_information,BIS-LIC-008,Product Manual,Where can I find product-specific BIS requirements?,"BIS provides product-specific technical manuals. Product manuals can include sampling guidelines, required test equipment, Scheme of Inspection and Testing, and scope-related information.",documents_available,1,Product Manual
licensing_information,BIS-LIC-008,Product Manual,Where can I find product-specific BIS requirements?,"BIS provides product-specific technical manuals. Product manuals can include sampling guidelines, required test equipment, Scheme of Inspection and Testing, and scope-related information.",documents_available,2,Sampling Guidelines
licensing_information,BIS-LIC-008,Product Manual,Where can I find product-specific BIS requirements?,"BIS provides product-specific technical manuals. Product manuals can include sampling guidelines, required test equipment, Scheme of Inspection and Testing, and scope-related information.",documents_available,3,Test Equipment Requirements
licensing_information,BIS-LIC-008,Product Manual,Where can I find product-specific BIS requirements?,"BIS provides product-specific technical manuals. Product manuals can include sampling guidelines, required test equipment, Scheme of Inspection and Testing, and scope-related information.",documents_available,4,Scheme of Inspection and Testing
licensing_information,BIS-LIC-008,Product Manual,Where can I find product-specific BIS requirements?,"BIS provides product-specific technical manuals. Product manuals can include sampling guidelines, required test equipment, Scheme of Inspection and Testing, and scope-related information.",documents_available,5,Scope Information
licensing_information,BIS-LIC-008,Product Manual,Where can I find product-specific BIS requirements?,"BIS provides product-specific technical manuals. Product manuals can include sampling guidelines, required test equipment, Scheme of Inspection and Testing, and scope-related information.",documents_available,6,Grouping Guidelines where applicable
licensing_information,BIS-LIC-008,Product Manual,Where can I find product-specific BIS requirements?,"BIS provides product-specific technical manuals. Product manuals can include sampling guidelines, required test equipment, Scheme of Inspection and Testing, and scope-related information.",official_source,1,https://www.bis.gov.in/product- certification/product-certification-faq/?lang=en
licensing_information,BIS-LIC-009,Cost,How much does BIS certification cost?,"The total cost depends on the product, certification procedure, inspection requirements, testing requirements and applicable marking fee. BIS publishes application, inspection, annual...",known_general_fees,1,[Nested Data]
licensing_information,BIS-LIC-009,Cost,How much does BIS certification cost?,"The total cost depends on the product, certification procedure, inspection requirements, testing requirements and applicable marking fee. BIS publishes application, inspection, annual...",application_fee_inr,1,1000
licensing_information,BIS-LIC-009,Cost,How much does BIS certification cost?,"The total cost depends on the product, certification procedure, inspection requirements, testing requirements and applicable marking fee. BIS publishes application, inspection, annual...",inspection_fee_per_man_day_inr,1,7000
licensing_information,BIS-LIC-009,Cost,How much does BIS certification cost?,"The total cost depends on the product, certification procedure, inspection requirements, testing requirements and applicable marking fee. BIS publishes application, inspection, annual...",annual_licence_fee_inr,1,1000
licensing_information,BIS-LIC-009,Cost,How much does BIS certification cost?,"The total cost depends on the product, certification procedure, inspection requirements, testing requirements and applicable marking fee. BIS publishes application, inspection, annual...",additional_costs,1,Testing charges
licensing_information,BIS-LIC-009,Cost,How much does BIS certification cost?,"The total cost depends on the product, certification procedure, inspection requirements, testing requirements and applicable marking fee. BIS publishes application, inspection, annual...",important_note,1,These general figures should not be treated as the complete cost for every product. Product-specific fees and current notifications must be checked.
licensing_information,BIS-LIC-009,Cost,How much does BIS certification cost?,"The total cost depends on the product, certification procedure, inspection requirements, testing requirements and applicable marking fee. BIS publishes application, inspection, annual...",official_source,1,https://www.bis.gov.in/product- certification/product-certification-faq/?lan g=en
licensing_information,BIS-LIC-009,Cost,How much does BIS certification cost?,"The total cost depends on the product, certification procedure, inspection requirements, testing requirements and applicable marking fee. BIS publishes application, inspection, annual...",additional_costs,2,Product-specific marking fee
licensing_information,BIS-LIC-009,Cost,How much does BIS certification cost?,"The total cost depends on the product, certification procedure, inspection requirements, testing requirements and applicable marking fee. BIS publishes application, inspection, annual...",important_note,2,These general figures should not be treated as the complete cost for every product. Product-specific fees and current notifications must be checked.
licensing_information,BIS-LIC-009,Cost,How much does BIS certification cost?,"The total cost depends on the product, certification procedure, inspection requirements, testing requirements and applicable marking fee. BIS publishes application, inspection, annual...",official_source,2,https://www.bis.gov.in/product- certification/product-certification-faq/?lan g=en
licensing_information,BIS-LIC-009,Cost,How much does BIS certification cost?,"The total cost depends on the product, certification procedure, inspection requirements, testing requirements and applicable marking fee. BIS publishes application, inspection, annual...",additional_costs,3,Other applicable charges
licensing_information,BIS-LIC-009,Cost,How much does BIS certification cost?,"The total cost depends on the product, certification procedure, inspection requirements, testing requirements and applicable marking fee. BIS publishes application, inspection, annual...",important_note,3,These general figures should not be treated as the complete cost for every product. Product-specific fees and current notifications must be checked.
licensing_information,BIS-LIC-009,Cost,How much does BIS certification cost?,"The total cost depends on the product, certification procedure, inspection requirements, testing requirements and applicable marking fee. BIS publishes application, inspection, annual...",official_source,3,https://www.bis.gov.in/product- certification/product-certification-faq/?lan g=en
licensing_information,BIS-LIC-010,Marking Fee,What is BIS marking fee?,A product-specific marking fee is applicable under the relevant BIS certification scheme. BIS provides a facility to search marking fees for an Indian Standard and publishes applicable fee...,fee_type,1,Product-specific
licensing_information,BIS-LIC-010,Marking Fee,What is BIS marking fee?,A product-specific marking fee is applicable under the relevant BIS certification scheme. BIS provides a facility to search marking fees for an Indian Standard and publishes applicable fee...,search_available,1,True
licensing_information,BIS-LIC-010,Marking Fee,What is BIS marking fee?,A product-specific marking fee is applicable under the relevant BIS certification scheme. BIS provides a facility to search marking fees for an Indian Standard and publishes applicable fee...,official_source,1,https://www.bis.gov.in/product- certification/product-certification-fee/?lang=en
licensing_information,BIS-LIC-011,Application Fee,What is the BIS application fee?,"For BIS product certification, the FAQ currently states an application fee of n1,000.",amount_inr,1,1000
licensing_information,BIS-LIC-011,Application Fee,What is the BIS application fee?,"For BIS product certification, the FAQ currently states an application fee of n1,000.",fee_type,1,Application Fee
licensing_information,BIS-LIC-011,Application Fee,What is the BIS application fee?,"For BIS product certification, the FAQ currently states an application fee of n1,000.",official_source,1,https://www.bis.gov.in/product- certification/product-certification-faq/?lang=en
licensing_information,BIS-LIC-012,Inspection Fee,What is the BIS inspection fee?,"The BIS product certification FAQ states an inspection fee of n7,000 per man-day for the preliminary inspection visit.",amount_inr_per_man_da,1,7000
licensing_information,BIS-LIC-012,Inspection Fee,What is the BIS inspection fee?,"The BIS product certification FAQ states an inspection fee of n7,000 per man-day for the preliminary inspection visit.",fee_type,1,Inspection Fee
licensing_information,BIS-LIC-012,Inspection Fee,What is the BIS inspection fee?,"The BIS product certification FAQ states an inspection fee of n7,000 per man-day for the preliminary inspection visit.",official_source,1,https://www.bis.gov.in/product- certification/product-certification-faq/?lang=en
licensing_information,BIS-LIC-013,Annual Licence Fee,What is the annual BIS licence fee?,"The BIS product certification FAQ states an annual licence fee of n1,000, in addition to the applicable product-specific marking fee.",amount_inr,1,1000
licensing_information,BIS-LIC-013,Annual Licence Fee,What is the annual BIS licence fee?,"The BIS product certification FAQ states an annual licence fee of n1,000, in addition to the applicable product-specific marking fee.",fee_type,1,Annual Licence Fee
licensing_information,BIS-LIC-013,Annual Licence Fee,What is the annual BIS licence fee?,"The BIS product certification FAQ states an annual licence fee of n1,000, in addition to the applicable product-specific marking fee.",additional_fee,1,Product-specific marking fee
licensing_information,BIS-LIC-013,Annual Licence Fee,What is the annual BIS licence fee?,"The BIS product certification FAQ states an annual licence fee of n1,000, in addition to the applicable product-specific marking fee.",official_source,1,https://www.bis.gov.in/product- certification/product-certification-faq/?lan g=en
licensing_information,BIS-LIC-014,Timeline,How long does BIS certification take?,BIS states that the average time for grant of licence under Option 2 is generally one month and under Option 1 is generally four months from receipt and recording of a complete application....,estimated_timeline,1,[Nested Data]
licensing_information,BIS-LIC-014,Timeline,How long does BIS certification take?,BIS states that the average time for grant of licence under Option 2 is generally one month and under Option 1 is generally four months from receipt and recording of a complete application....,option_1,1,Generally 4 months
licensing_information,BIS-LIC-014,Timeline,How long does BIS certification take?,BIS states that the average time for grant of licence under Option 2 is generally one month and under Option 1 is generally four months from receipt and recording of a complete application....,option_2,1,Generally 1 month
licensing_information,BIS-LIC-014,Timeline,How long does BIS certification take?,BIS states that the average time for grant of licence under Option 2 is generally one month and under Option 1 is generally four months from receipt and recording of a complete application....,factors_that_can_cause_delay,1,Incomplete application
licensing_information,BIS-LIC-014,Timeline,How long does BIS certification take?,BIS states that the average time for grant of licence under Option 2 is generally one month and under Option 1 is generally four months from receipt and recording of a complete application....,official_source,1,https://www.bis.gov.in/product- certification/product-certification-faq/?lang=en
licensing_information,BIS-LIC-014,Timeline,How long does BIS certification take?,BIS states that the average time for grant of licence under Option 2 is generally one month and under Option 1 is generally four months from receipt and recording of a complete application....,factors_that_can_cause_delay,2,Delay in responding to BIS queries
licensing_information,BIS-LIC-014,Timeline,How long does BIS certification take?,BIS states that the average time for grant of licence under Option 2 is generally one month and under Option 1 is generally four months from receipt and recording of a complete application....,official_source,2,https://www.bis.gov.in/product- certification/product-certification-faq/?lang=en
licensing_information,BIS-LIC-014,Timeline,How long does BIS certification take?,BIS states that the average time for grant of licence under Option 2 is generally one month and under Option 1 is generally four months from receipt and recording of a complete application....,factors_that_can_cause_delay,3,Inspection scheduling
licensing_information,BIS-LIC-014,Timeline,How long does BIS certification take?,BIS states that the average time for grant of licence under Option 2 is generally one month and under Option 1 is generally four months from receipt and recording of a complete application....,official_source,3,https://www.bis.gov.in/product- certification/product-certification-faq/?lang=en
licensing_information,BIS-LIC-014,Timeline,How long does BIS certification take?,BIS states that the average time for grant of licence under Option 2 is generally one month and under Option 1 is generally four months from receipt and recording of a complete application....,factors_that_can_cause_delay,4,Sample deposition
licensing_information,BIS-LIC-014,Timeline,How long does BIS certification take?,BIS states that the average time for grant of licence under Option 2 is generally one month and under Option 1 is generally four months from receipt and recording of a complete application....,official_source,4,https://www.bis.gov.in/product- certification/product-certification-faq/?lang=en
licensing_information,BIS-LIC-014,Timeline,How long does BIS certification take?,BIS states that the average time for grant of licence under Option 2 is generally one month and under Option 1 is generally four months from receipt and recording of a complete application....,factors_that_can_cause_delay,5,Outstanding fee payments
licensing_information,BIS-LIC-014,Timeline,How long does BIS certification take?,BIS states that the average time for grant of licence under Option 2 is generally one month and under Option 1 is generally four months from receipt and recording of a complete application....,official_source,5,https://www.bis.gov.in/product- certification/product-certification-faq/?lang=en
licensing_information,BIS-LIC-015,Licence Validity,How long is a BIS product certification licence valid?,BIS states that Scheme-I certification may initially be granted for up to two years and is valid for the varieties covered by the licence. Renewal may be granted for up to five years from...,initial_validity,1,Up to 2 years
licensing_information,BIS-LIC-015,Licence Validity,How long is a BIS product certification licence valid?,BIS states that Scheme-I certification may initially be granted for up to two years and is valid for the varieties covered by the licence. Renewal may be granted for up to five years from...,renewal_period,1,Up to 5 years
licensing_information,BIS-LIC-015,Licence Validity,How long is a BIS product certification licence valid?,BIS states that Scheme-I certification may initially be granted for up to two years and is valid for the varieties covered by the licence. Renewal may be granted for up to five years from...,scheme,1,Scheme-I
licensing_information,BIS-LIC-015,Licence Validity,How long is a BIS product certification licence valid?,BIS states that Scheme-I certification may initially be granted for up to two years and is valid for the varieties covered by the licence. Renewal may be granted for up to five years from...,official_source,1,https://www.bis.gov.in/product- certification/product-certification-faq/?lan g=en
licensing_information,BIS-LIC-016,Renewal,How do I renew my BIS licence?,"Renewal is requested online through the Manakonline portal. The renewal application, applicable fees, licence fee, advance minimum marking fee and other applicable dues must be...",steps,1,Log in to the Manakonline portal.
licensing_information,BIS-LIC-016,Renewal,How do I renew my BIS licence?,"Renewal is requested online through the Manakonline portal. The renewal application, applicable fees, licence fee, advance minimum marking fee and other applicable dues must be...",steps,2,Open the licence holder dashboard.
licensing_information,BIS-LIC-016,Renewal,How do I renew my BIS licence?,"Renewal is requested online through the Manakonline portal. The renewal application, applicable fees, licence fee, advance minimum marking fee and other applicable dues must be...",steps,3,Select the renewal application.
licensing_information,BIS-LIC-016,Renewal,How do I renew my BIS licence?,"Renewal is requested online through the Manakonline portal. The renewal application, applicable fees, licence fee, advance minimum marking fee and other applicable dues must be...",steps,4,Provide the required production details.
licensing_information,BIS-LIC-016,Renewal,How do I renew my BIS licence?,"Renewal is requested online through the Manakonline portal. The renewal application, applicable fees, licence fee, advance minimum marking fee and other applicable dues must be...",steps,5,Pay the applicable renewal application fee.
licensing_information,BIS-LIC-016,Renewal,How do I renew my BIS licence?,"Renewal is requested online through the Manakonline portal. The renewal application, applicable fees, licence fee, advance minimum marking fee and other applicable dues must be...",steps,6,Pay the applicable licence fee.
licensing_information,BIS-LIC-016,Renewal,How do I renew my BIS licence?,"Renewal is requested online through the Manakonline portal. The renewal application, applicable fees, licence fee, advance minimum marking fee and other applicable dues must be...",steps,7,Pay advance minimum marking fee where applicable.
licensing_information,BIS-LIC-016,Renewal,How do I renew my BIS licence?,"Renewal is requested online through the Manakonline portal. The renewal application, applicable fees, licence fee, advance minimum marking fee and other applicable dues must be...",steps,8,Pay other applicable dues.
licensing_information,BIS-LIC-016,Renewal,How do I renew my BIS licence?,"Renewal is requested online through the Manakonline portal. The renewal application, applicable fees, licence fee, advance minimum marking fee and other applicable dues must be...",steps,9,Submit the renewal application online.
licensing_information,BIS-LIC-016,Renewal,How do I renew my BIS licence?,"Renewal is requested online through the Manakonline portal. The renewal application, applicable fees, licence fee, advance minimum marking fee and other applicable dues must be...",portal,1,https://www.manakonline.in/
licensing_information,BIS-LIC-016,Renewal,How do I renew my BIS licence?,"Renewal is requested online through the Manakonline portal. The renewal application, applicable fees, licence fee, advance minimum marking fee and other applicable dues must be...",official_source,1,https://www.bis.gov.in/apply-for-renewal-of- license/?lang=en
licensing_information,BIS-LIC-017,Renewal,For how many years can I apply for BIS licence renewal?,BIS states that renewal can be applied for a minimum period of one year and up to five years.,minimum_years,1,1
licensing_information,BIS-LIC-017,Renewal,For how many years can I apply for BIS licence renewal?,BIS states that renewal can be applied for a minimum period of one year and up to five years.,maximum_years,1,5
licensing_information,BIS-LIC-017,Renewal,For how many years can I apply for BIS licence renewal?,BIS states that renewal can be applied for a minimum period of one year and up to five years.,official_source,1,https://www.bis.gov.in/apply-for-renewal-of- license/?lang=en
licensing_information,BIS-LIC-018,Renewal Documents,What information is required for BIS licence renewal?,"The renewal process requires the applicable renewal application, fees and production-related information. BIS states that a production statement authenticated by a chartered accountant...",required_items,1,Renewal application
licensing_information,BIS-LIC-018,Renewal Documents,What information is required for BIS licence renewal?,"The renewal process requires the applicable renewal application, fees and production-related information. BIS states that a production statement authenticated by a chartered accountant...",required_items,2,Applicable application fee
licensing_information,BIS-LIC-018,Renewal Documents,What information is required for BIS licence renewal?,"The renewal process requires the applicable renewal application, fees and production-related information. BIS states that a production statement authenticated by a chartered accountant...",required_items,3,Licence fee
licensing_information,BIS-LIC-018,Renewal Documents,What information is required for BIS licence renewal?,"The renewal process requires the applicable renewal application, fees and production-related information. BIS states that a production statement authenticated by a chartered accountant...",required_items,4,Advance minimum marking fee where applicable
licensing_information,BIS-LIC-018,Renewal Documents,What information is required for BIS licence renewal?,"The renewal process requires the applicable renewal application, fees and production-related information. BIS states that a production statement authenticated by a chartered accountant...",required_items,5,Applicable dues
licensing_information,BIS-LIC-018,Renewal Documents,What information is required for BIS licence renewal?,"The renewal process requires the applicable renewal application, fees and production-related information. BIS states that a production statement authenticated by a chartered accountant...",required_items,6,Production statement
licensing_information,BIS-LIC-018,Renewal Documents,What information is required for BIS licence renewal?,"The renewal process requires the applicable renewal application, fees and production-related information. BIS states that a production statement authenticated by a chartered accountant...",required_items,7,Authentication of production statement by CA or cost accountant where required
licensing_information,BIS-LIC-018,Renewal Documents,What information is required for BIS licence renewal?,"The renewal process requires the applicable renewal application, fees and production-related information. BIS states that a production statement authenticated by a chartered accountant...",official_source,1,https://www.bis.gov.in/apply-for-renewal-of- license/?lang=en
licensing_information,BIS-LIC-019,Renewal,What happens if I apply for renewal after the licence expires?,BIS provisions can result in deferment of renewal when the renewal application and fee are not received by the last date of validity. The applicable rules and current fee requirements...,important_note,1,The BIS FAQ states that renewal can be deferred if the renewal application and fee are not received by the last date of validity or if the licence is under suspension.
licensing_information,BIS-LIC-019,Renewal,What happens if I apply for renewal after the licence expires?,BIS provisions can result in deferment of renewal when the renewal application and fee are not received by the last date of validity. The applicable rules and current fee requirements...,official_source,1,https://www.bis.gov.in/product- certification/product-certification-faq/?lang=en
licensing_information,BIS-LIC-020,Change of Scope,Can I change the scope of my BIS licence?,Yes. Licensees can apply for a change in the existing scope of their licence through the online Manakonline portal.,requirements,1,Online application
licensing_information,BIS-LIC-020,Change of Scope,Can I change the scope of my BIS licence?,Yes. Licensees can apply for a change in the existing scope of their licence through the online Manakonline portal.,requirements,2,Applicable processing fee
licensing_information,BIS-LIC-020,Change of Scope,Can I change the scope of my BIS licence?,Yes. Licensees can apply for a change in the existing scope of their licence through the online Manakonline portal.,requirements,3,Relevant product-specific technical requirements
licensing_information,BIS-LIC-020,Change of Scope,Can I change the scope of my BIS licence?,Yes. Licensees can apply for a change in the existing scope of their licence through the online Manakonline portal.,requirements,4,Applicable grouping guidelines
licensing_information,BIS-LIC-020,Change of Scope,Can I change the scope of my BIS licence?,Yes. Licensees can apply for a change in the existing scope of their licence through the online Manakonline portal.,official_source,1,https://www.bis.gov.in/apply-for-renewal-of- license/?lang=en
licensing_information,BIS-LIC-021,Non-Conformity,What happens if the product does not conform to the BIS standard?,The BIS certification process includes procedures for dealing with product non-conformity. The applicable guidelines should be followed depending on the nature of the non-conformity and...,related_guidelines,1,Guidelines for Dealing with Product Non-Conformity
licensing_information,BIS-LIC-021,Non-Conformity,What happens if the product does not conform to the BIS standard?,The BIS certification process includes procedures for dealing with product non-conformity. The applicable guidelines should be followed depending on the nature of the non-conformity and...,related_guidelines,2,Guidelines for Retesting of Samples
licensing_information,BIS-LIC-021,Non-Conformity,What happens if the product does not conform to the BIS standard?,The BIS certification process includes procedures for dealing with product non-conformity. The applicable guidelines should be followed depending on the nature of the non-conformity and...,related_guidelines,3,Guidelines for Factory Surveillance
licensing_information,BIS-LIC-021,Non-Conformity,What happens if the product does not conform to the BIS standard?,The BIS certification process includes procedures for dealing with product non-conformity. The applicable guidelines should be followed depending on the nature of the non-conformity and...,related_guidelines,4,Guidelines for Market Surveillance
licensing_information,BIS-LIC-021,Non-Conformity,What happens if the product does not conform to the BIS standard?,The BIS certification process includes procedures for dealing with product non-conformity. The applicable guidelines should be followed depending on the nature of the non-conformity and...,official_source,1,https://www.bis.gov.in/product- certification/product-certification- process/?lang=en
licensing_information,BIS-LIC-022,Licence Conditions,What are the conditions for using the BIS Standard Mark?,The conditions for using or applying the BIS Standard Mark are specified under the applicable BIS conformity assessment regulations and licence conditions.,official_source,1,https://www.bis.gov.in/ product- certification/product-ce rtification-faq/?lang=en
licensing_information,BIS-LIC-023,Non-Compliance,What happens if a BIS licence condition is violated?,BIS states that a licence may be cancelled in accordance with the applicable provisions when licence conditions are violated.,official_source,1,https://www.bis.gov.in/ product- certification/product-ce rtification-faq/?lang=en
licensing_information,BIS-LIC-024,Online Application,Are BIS licence applications submitted online?,"Yes. BIS states that applications for product certification are accepted through online mode, including payments.",application_mode,1,Online
licensing_information,BIS-LIC-024,Online Application,Are BIS licence applications submitted online?,"Yes. BIS states that applications for product certification are accepted through online mode, including payments.",portal,1,https://www.manakonline.in/
licensing_information,BIS-LIC-024,Online Application,Are BIS licence applications submitted online?,"Yes. BIS states that applications for product certification are accepted through online mode, including payments.",official_source,1,https://www.bis.gov.in/apply-for-a- license/?lang=en
licensing_information,BIS-LIC-025,Applicant Checklist,What should a manufacturer prepare before applying for BIS certification?,"The manufacturer should prepare information and capabilities related to the applicable Indian Standard, manufacturing infrastructure, process controls, quality control, testing capabilities...",checklist,1,Applicable Indian Standard identified
licensing_information,BIS-LIC-025,Applicant Checklist,What should a manufacturer prepare before applying for BIS certification?,"The manufacturer should prepare information and capabilities related to the applicable Indian Standard, manufacturing infrastructure, process controls, quality control, testing capabilities...",checklist,2,Product specifications understood
licensing_information,BIS-LIC-025,Applicant Checklist,What should a manufacturer prepare before applying for BIS certification?,"The manufacturer should prepare information and capabilities related to the applicable Indian Standard, manufacturing infrastructure, process controls, quality control, testing capabilities...",checklist,3,Manufacturing infrastructure available
licensing_information,BIS-LIC-025,Applicant Checklist,What should a manufacturer prepare before applying for BIS certification?,"The manufacturer should prepare information and capabilities related to the applicable Indian Standard, manufacturing infrastructure, process controls, quality control, testing capabilities...",checklist,4,Production process controls established
licensing_information,BIS-LIC-025,Applicant Checklist,What should a manufacturer prepare before applying for BIS certification?,"The manufacturer should prepare information and capabilities related to the applicable Indian Standard, manufacturing infrastructure, process controls, quality control, testing capabilities...",checklist,5,Quality-control procedures established
licensing_information,BIS-LIC-025,Applicant Checklist,What should a manufacturer prepare before applying for BIS certification?,"The manufacturer should prepare information and capabilities related to the applicable Indian Standard, manufacturing infrastructure, process controls, quality control, testing capabilities...",checklist,6,Required testing facilities or arrangements available
licensing_information,BIS-LIC-025,Applicant Checklist,What should a manufacturer prepare before applying for BIS certification?,"The manufacturer should prepare information and capabilities related to the applicable Indian Standard, manufacturing infrastructure, process controls, quality control, testing capabilities...",checklist,7,Required test equipment identified
licensing_information,BIS-LIC-025,Applicant Checklist,What should a manufacturer prepare before applying for BIS certification?,"The manufacturer should prepare information and capabilities related to the applicable Indian Standard, manufacturing infrastructure, process controls, quality control, testing capabilities...",checklist,8,Product manual reviewed
licensing_information,BIS-LIC-025,Applicant Checklist,What should a manufacturer prepare before applying for BIS certification?,"The manufacturer should prepare information and capabilities related to the applicable Indian Standard, manufacturing infrastructure, process controls, quality control, testing capabilities...",checklist,9,Scheme of Inspection and Testing reviewed
licensing_information,BIS-LIC-025,Applicant Checklist,What should a manufacturer prepare before applying for BIS certification?,"The manufacturer should prepare information and capabilities related to the applicable Indian Standard, manufacturing infrastructure, process controls, quality control, testing capabilities...",checklist,10,Required documents prepared
licensing_information,BIS-LIC-025,Applicant Checklist,What should a manufacturer prepare before applying for BIS certification?,"The manufacturer should prepare information and capabilities related to the applicable Indian Standard, manufacturing infrastructure, process controls, quality control, testing capabilities...",checklist,11,Application information prepared
licensing_information,BIS-LIC-025,Applicant Checklist,What should a manufacturer prepare before applying for BIS certification?,"The manufacturer should prepare information and capabilities related to the applicable Indian Standard, manufacturing infrastructure, process controls, quality control, testing capabilities...",checklist,12,Applicable fees identified
licensing_information,BIS-LIC-025,Applicant Checklist,What should a manufacturer prepare before applying for BIS certification?,"The manufacturer should prepare information and capabilities related to the applicable Indian Standard, manufacturing infrastructure, process controls, quality control, testing capabilities...",official_source,1,https://www.bis.gov.in/apply-for-a- license/?lang=en
licensing_information,BIS-LIC-026,Chatbot Intent,,,question_examples,1,How do I apply for BIS licence?
licensing_information,BIS-LIC-026,Chatbot Intent,,,intent,1,BIS_APPLICATION_LICENS ING_QUERY
licensing_information,BIS-LIC-026,Chatbot Intent,,,question_examples,2,How can I get BIS certification?
licensing_information,BIS-LIC-026,Chatbot Intent,,,intent,2,BIS_APPLICATION_LICENS ING_QUERY
licensing_information,BIS-LIC-026,Chatbot Intent,,,question_examples,3,What is the BIS certification process?
licensing_information,BIS-LIC-026,Chatbot Intent,,,intent,3,BIS_APPLICATION_LICENS ING_QUERY
licensing_information,BIS-LIC-026,Chatbot Intent,,,question_examples,4,Where do I apply for BIS licence?
licensing_information,BIS-LIC-026,Chatbot Intent,,,intent,4,BIS_APPLICATION_LICENS ING_QUERY
licensing_information,BIS-LIC-026,Chatbot Intent,,,question_examples,5,What documents are needed for BIS certification?
licensing_information,BIS-LIC-026,Chatbot Intent,,,intent,5,BIS_APPLICATION_LICENS ING_QUERY
licensing_information,BIS-LIC-026,Chatbot Intent,,,question_examples,6,What testing is required?
licensing_information,BIS-LIC-026,Chatbot Intent,,,intent,6,BIS_APPLICATION_LICENS ING_QUERY
licensing_information,BIS-LIC-026,Chatbot Intent,,,question_examples,7,Where can I test my product?
licensing_information,BIS-LIC-026,Chatbot Intent,,,intent,7,BIS_APPLICATION_LICENS ING_QUERY
licensing_information,BIS-LIC-026,Chatbot Intent,,,question_examples,8,What infrastructure is required?
licensing_information,BIS-LIC-026,Chatbot Intent,,,intent,8,BIS_APPLICATION_LICENS ING_QUERY
licensing_information,BIS-LIC-026,Chatbot Intent,,,question_examples,9,How much does BIS certification cost?
licensing_information,BIS-LIC-026,Chatbot Intent,,,intent,9,BIS_APPLICATION_LICENS ING_QUERY
licensing_information,BIS-LIC-026,Chatbot Intent,,,question_examples,10,What is the BIS application fee?
licensing_information,BIS-LIC-026,Chatbot Intent,,,intent,10,BIS_APPLICATION_LICENS ING_QUERY
licensing_information,BIS-LIC-026,Chatbot Intent,,,question_examples,11,What is the inspection fee?
licensing_information,BIS-LIC-026,Chatbot Intent,,,intent,11,BIS_APPLICATION_LICENS ING_QUERY
licensing_information,BIS-LIC-026,Chatbot Intent,,,question_examples,12,What is the marking fee?
licensing_information,BIS-LIC-026,Chatbot Intent,,,intent,12,BIS_APPLICATION_LICENS ING_QUERY
licensing_information,BIS-LIC-026,Chatbot Intent,,,question_examples,13,How long does BIS certification take?
licensing_information,BIS-LIC-026,Chatbot Intent,,,intent,13,BIS_APPLICATION_LICENS ING_QUERY
licensing_information,BIS-LIC-026,Chatbot Intent,,,question_examples,14,How long is BIS licence valid?
licensing_information,BIS-LIC-026,Chatbot Intent,,,intent,14,BIS_APPLICATION_LICENS ING_QUERY
licensing_information,BIS-LIC-026,Chatbot Intent,,,question_examples,15,How do I renew BIS licence?
licensing_information,BIS-LIC-026,Chatbot Intent,,,intent,15,BIS_APPLICATION_LICENS ING_QUERY
licensing_information,BIS-LIC-026,Chatbot Intent,,,question_examples,16,How many years can I renew my BIS licence?
licensing_information,BIS-LIC-026,Chatbot Intent,,,intent,16,BIS_APPLICATION_LICENS ING_QUERY
licensing_information,BIS-LIC-026,Chatbot Intent,,,question_examples,17,Can I change the scope of my BIS licence?
licensing_information,BIS-LIC-026,Chatbot Intent,,,intent,17,BIS_APPLICATION_LICENS ING_QUERY
licensing_information,BIS-LIC-026,Chatbot Intent,,,question_examples,18,What happens if my product fails testing?
licensing_information,BIS-LIC-026,Chatbot Intent,,,intent,18,BIS_APPLICATION_LICENS ING_QUERY
licensing_information,BIS-LIC-026,Chatbot Intent,,,question_examples,19,What happens if I violate BIS licence conditions?
licensing_information,BIS-LIC-026,Chatbot Intent,,,intent,19,BIS_APPLICATION_LICENS ING_QUERY
