Section,Sr_No,IS_Standard_No,Title_Product_Category,Requirement_Specific_Details,Notification_QCO_Details
BIS Compulsory Certification - QCOs (General),1,IS 9:35 / IS 9:26 / IS 16585:2016,Stampings/lof transformers (with or without winding),"Made from BIS standard marked Grain Oriented Electrical Steel Sheet and Strip conforming to IS 9:35, or Cold rolled non-oriented electrical steel sheet and strip conforming to IS 9:26, or Magnetic materials specification for individual material Fe based amorphous strip delivered in semi-processed state conforming to IS 16585:2016","Steel and Steel Products (Quality Control) Order, 2020; S.O. 1673(E), dated 27/05/2020; Extension Order on enforcement date of QCO on Stamping Laminations Cores of Transformers"
BIS Compulsory Certification - QCOs (General),2,IS 10613:2023,Requirement of Retro-Reflective Devices for Bicycles,Clause 2/4/2002 of IS 10613:2023 Bicycles - Retro Reflective Devices,"Bicycles - Retro Reflective Devices (Quality Control) Order, 2020 (S.O. 2290(E) dated 07/07/2020); Order, 2021 (S.O. 2028(E) dated 25/05/2021); Amendment Order, 2021 (S.O. 5400(E) dated 24/12/2021); Retro-Reflective Devices (Quality Control) Order, 2023 (S.O. 882(E) dated 23/02/2023); Corrigendum Amendment Order, 2023 (S.O. 1441(E) dated 27/03/2023)"
Low Voltage Switchgear and Controlgear (Ministry of Heavy Industries) - Electrical Equipment QCO,1.1(a),IS/IEC 60947 Part 2:2016,"AC Circuit-Breakers (Category A) - All ratings upto 630A, upto 440V AC",All test as per IS/IEC 60947 Part 2:2016 except test listed in Sr.No.1.1(b),"Electrical Equipment (QC) Order, 2020, S.O.4044(E) dtd 11 Nov 2020; Amendment Order, 2023, S.O.2132(E) dtd 9 May 2023; Second Amendment Order, 2024, S.O.1896(E) dtd 3 May 2024"
Low Voltage Switchgear and Controlgear (Ministry of Heavy Industries) - Electrical Equipment QCO,1.1(b),IS/IEC 60947 Part 2:2016,"AC Circuit-Breakers (Category A) - All ratings above 630A, upto 440V AC",Electromagnetic compatibility (Annex J) and all tests specified for specific application in Annexure(s),"Deferment of upcoming phase implementation of Electrical Equipment (QC) Order 2020 and amendments, S.O.5038(E) dtd 6 Nov 2025"
Low Voltage Switchgear and Controlgear (Ministry of Heavy Industries) - Electrical Equipment QCO,1.2(a),IS/IEC 60947 Part 2:2016,"AC Circuit-Breakers (Category A) - All ratings above 630A, upto 440V AC",All test as per IS/IEC 60947 Part 2:2016 except test listed in Sr.No.1.2(b),"Second Amendment Order, 2024, S.O.2007(E) dtd 5 May 2025; Deferment Order, S.O.5038(E) dtd 6 Nov 2025"
Low Voltage Switchgear and Controlgear (Ministry of Heavy Industries) - Electrical Equipment QCO,1.2(b),IS/IEC 60947 Part 2:2016,"AC Circuit-Breakers (Category A) - All ratings above 630A, upto 440V AC","Electromagnetic compatibility (EMC, Annex J) and all tests for specific application in Annexure(s)","Deferment Order, S.O.5038(E) dtd 6 Nov 2025"
Low Voltage Switchgear and Controlgear (Ministry of Heavy Industries) - Electrical Equipment QCO,1.3(a),IS/IEC 60947 Part 2:2016,"AC Circuit-Breakers (Category B) - All ratings upto 2000A, upto 440V AC",All test as per IS/IEC 60947 Part 2:2016 except test listed in Sr.No.1.3(b),"Second Amendment Order, 2024, S.O.2007(E) dtd 5 May 2025; Deferment Order, S.O.5038(E) dtd 6 Nov 2025"
Low Voltage Switchgear and Controlgear (Ministry of Heavy Industries) - Electrical Equipment QCO,1.3(b),IS/IEC 60947 Part 2:2016,"AC Circuit-Breakers (Category B) - All ratings upto 2000A, upto 440V AC",Electromagnetic compatibility (EMC) and all tests for specific application in Annexure(s),"Deferment Order, S.O.5038(E) dtd 6 Nov 2025"
Low Voltage Switchgear and Controlgear (Ministry of Heavy Industries) - Electrical Equipment QCO,1.4,IS/IEC 60947 Part 2:2016,AC Circuit-Breakers (Category A) - All ratings above 440V AC,All test as per IS/IEC 60947 Part 2:2016,"Deferment Order, S.O.5038(E) dtd 6 Nov 2025"
Low Voltage Switchgear and Controlgear (Ministry of Heavy Industries) - Electrical Equipment QCO,1.5,IS/IEC 60947 Part 2:2016,"AC Circuit-Breakers (Category B) - ratings above 2000A, upto 440V AC",All test as per IS/IEC 60947 Part 2:2016,"Deferment Order, S.O.5038(E) dtd 6 Nov 2025"
Low Voltage Switchgear and Controlgear (Ministry of Heavy Industries) - Electrical Equipment QCO,1.6,IS/IEC 60947 Part 2:2016,AC Circuit-Breakers (Category B) - All ratings above 440V AC,All test as per IS/IEC 60947 Part 2:2016,"Deferment Order, S.O.5038(E) dtd 6 Nov 2025"
Low Voltage Switchgear and Controlgear (Ministry of Heavy Industries) - Electrical Equipment QCO,1.7,IS/IEC 60947 Part 2:2016,DC Circuit-Breaker (Category A) - All ratings,All test as per IS/IEC 60947 Part 2:2016,"Deferment Order, S.O.5038(E) dtd 6 Nov 2025"
Low Voltage Switchgear and Controlgear (Ministry of Heavy Industries) - Electrical Equipment QCO,1.8,IS/IEC 60947 Part 2:2016,AC Circuit-Breaker (Category B) - All ratings,All test as per IS/IEC 60947 Part 2:2016,"Deferment Order, S.O.5038(E) dtd 6 Nov 2025"
Low Voltage Switchgear and Controlgear (Ministry of Heavy Industries) - Electrical Equipment QCO,2.1(a),IS/IEC 60947 Part 3:2020,"Switches, Disconnectors, Switch-Disconnectors and Fuse-Combination Units - All AC utilization categories upto 250A, upto 440V AC",All test as per IS/IEC 60947 Part 3:2020 except test in Sr.No.2.1(b),"Product Specific Guidelines, F.No.8(1)/2018-HE dtd 10 Mar 2025; Second Amendment Order, 2024, S.O.2007(E) dtd 5 May 2025; Deferment Order, S.O.5038(E) dtd 6 Nov 2025"
Low Voltage Switchgear and Controlgear (Ministry of Heavy Industries) - Electrical Equipment QCO,2.1(b),IS/IEC 60947 Part 3:2020,"Switches, Disconnectors, Switch-Disconnectors and Fuse-Combination Units - All AC utilization categories upto 250A, upto 440V AC",EMC (clause 9.4) and all tests for specific application in Annexure(s),"Deferment Order, S.O.5038(E) dtd 6 Nov 2025"
Low Voltage Switchgear and Controlgear (Ministry of Heavy Industries) - Electrical Equipment QCO,2.2,IS/IEC 60947 Part 3:2020,"Switches/Disconnectors/Fuse-Combination Units - All AC utilization categories upto 630A, upto 440V AC",All test as per IS/IEC 60947 Part 3:2020,"Deferment Order, S.O.5038(E) dtd 6 Nov 2025"
Low Voltage Switchgear and Controlgear (Ministry of Heavy Industries) - Electrical Equipment QCO,2.3,IS/IEC 60947 Part 3:2020,"Switches/Disconnectors/Fuse-Combination Units - All AC utilization categories above 630A, upto 440V AC",All test as per IS/IEC 60947 Part 3:2020,"Deferment Order, S.O.5038(E) dtd 6 Nov 2025"
Low Voltage Switchgear and Controlgear (Ministry of Heavy Industries) - Electrical Equipment QCO,2.4,IS/IEC 60947 Part 3:2020,"Switches/Disconnectors/Fuse-Combination Units - All AC utilization categories, all ratings, above 440V AC",All test as per IS/IEC 60947 Part 3:2020,"Deferment Order, S.O.5038(E) dtd 6 Nov 2025"
Low Voltage Switchgear and Controlgear (Ministry of Heavy Industries) - Electrical Equipment QCO,2.5,IS/IEC 60947 Part 3:2020,"Switches/Disconnectors/Fuse-Combination Units - All DC utilization categories, all ratings",All test as per IS/IEC 60947 Part 3:2020,"Deferment Order, S.O.5038(E) dtd 6 Nov 2025"
Low Voltage Switchgear and Controlgear (Ministry of Heavy Industries) - Electrical Equipment QCO,3.1(a),IS/IEC 60947 Part 4 Sec 1:2018,Contactors - All AC utilization categories upto 32A,All test except test in Sr.No.3.1(b),"Second Amendment Order, 2024, S.O.2007(E) dtd 5 May 2025; Deferment Order, S.O.5038(E) dtd 6 Nov 2025"
Low Voltage Switchgear and Controlgear (Ministry of Heavy Industries) - Electrical Equipment QCO,3.1(b),IS/IEC 60947 Part 4 Sec 1:2018,Contactors - All AC utilization categories upto 32A,EMC (clause 9.4) and all tests for specific application in Annexure(s),"Deferment Order, S.O.5038(E) dtd 6 Nov 2025"
Low Voltage Switchgear and Controlgear (Ministry of Heavy Industries) - Electrical Equipment QCO,3.2,IS/IEC 60947 Part 4 Sec 1:2018,"Contactors - All AC utilization categories, above 32A",All test as per standard,"Deferment Order, S.O.5038(E) dtd 6 Nov 2025"
Low Voltage Switchgear and Controlgear (Ministry of Heavy Industries) - Electrical Equipment QCO,3.3,IS/IEC 60947 Part 4 Sec 1:2018,Starter - All AC utilization categories direct-on-line a.c. starter,All test as per standard,"Deferment Order, S.O.5038(E) dtd 6 Nov 2025"
Low Voltage Switchgear and Controlgear (Ministry of Heavy Industries) - Electrical Equipment QCO,3.4,IS/IEC 60947 Part 4 Sec 1:2018,"Starter - All AC utilization categories, all other starters",All test as per standard,"Deferment Order, S.O.5038(E) dtd 6 Nov 2025"
Low Voltage Switchgear and Controlgear (Ministry of Heavy Industries) - Electrical Equipment QCO,3.5,IS/IEC 60947 Part 4 Sec 1:2018,"All DC utilization categories, all DC ratings",All test as per standard,"Product Specific Guidelines, F.No.8(1)/2018-HE dtd 10 Mar 2025; Deferment Order, S.O.5038(E) dtd 6 Nov 2025"
Low Voltage Switchgear and Controlgear (Ministry of Heavy Industries) - Electrical Equipment QCO,4,IS/IEC 60947 Part 4 Sec 2:2020,"Semiconductor Motor Controllers, Starters and Soft Starters - all types of product ratings",All test as per IS/IEC 60947 Part 4 Sec 2:2020,"Second Amendment Order, 2024, S.O.2007(E) dtd 5 May 2025; Deferment Order, S.O.5038(E) dtd 6 Nov 2025"
Low Voltage Switchgear and Controlgear (Ministry of Heavy Industries) - Electrical Equipment QCO,5,IS/IEC 60947 Part 4 Sec 3:2020,Semiconductor Controllers and Contactors for Non-Motor Loads - all types of product ratings,All test as per IS/IEC 60947 Part 4 Sec 3:2020,"Second Amendment Order, 2024, S.O.2007(E) dtd 5 May 2025; Deferment Order, S.O.5038(E) dtd 6 Nov 2025"
Low Voltage Switchgear and Controlgear (Ministry of Heavy Industries) - Electrical Equipment QCO,6.1(a),IS/IEC 60947 Part 5 Sec 1:2016,Control Circuit Devices and Switching Elements - All AC utilization categories upto 440V AC,-,"Product Specific Guidelines, F.No.8(1)/2018-HE dtd 10 Mar 2025; Second Amendment Order, 2024, S.O.2007(E) dtd 5 May 2025; Deferment Order, S.O.5038(E) dtd 6 Nov 2025"
Low Voltage Switchgear and Controlgear (Ministry of Heavy Industries) - Electrical Equipment QCO,6.1(b),IS/IEC 60947 Part 5 Sec 1:2016,Control Circuit Devices and Switching Elements - All AC utilization categories upto 440V AC,-,"Deferment Order, S.O.5038(E) dtd 6 Nov 2025"
Low Voltage Switchgear and Controlgear (Ministry of Heavy Industries) - Electrical Equipment QCO,6.2,IS/IEC 60947 Part 5 Sec 1:2016,Control Circuit Devices and Switching Elements - All AC utilization categories above 440V AC,-,"Deferment Order, S.O.5038(E) dtd 6 Nov 2025"
Low Voltage Switchgear and Controlgear (Ministry of Heavy Industries) - Electrical Equipment QCO,6.3,IS/IEC 60947 Part 5 Sec 1:2016,"Control Circuit Devices and Switching Elements - All DC utilization categories, all DC ratings",-,"Deferment Order, S.O.5038(E) dtd 6 Nov 2025"
Low Voltage Switchgear and Controlgear (Ministry of Heavy Industries) - Electrical Equipment QCO,7,IS/IEC 60947 Part 5 Sec 2:2007,Proximity switches,All test as per IS/IEC 60947 Part 5 Sec 2:2007,"Second Amendment Order, 2024, S.O.2007(E) dtd 5 May 2025; Deferment Order, S.O.5038(E) dtd 6 Nov 2025"
Low Voltage Switchgear and Controlgear (Ministry of Heavy Industries) - Electrical Equipment QCO,8.1,IS/IEC 60947 Part 5 Sec 5:2016,Electrical emergency stop devices with mechanical latching function - devices with button type actuator,All test as per IS/IEC 60947 Part 5 Sec 5:2016,"Product Specific Guidelines, F.No.8(1)/2018-HE dtd 10 Mar 2025; Second Amendment Order, 2024, S.O.2007(E) dtd 5 May 2025; Deferment Order, S.O.5038(E) dtd 6 Nov 2025"
Low Voltage Switchgear and Controlgear (Ministry of Heavy Industries) - Electrical Equipment QCO,8.2,IS/IEC 60947 Part 5 Sec 5:2016,Electrical emergency stop devices with mechanical latching function - devices with all types of actuator,All test as per IS/IEC 60947 Part 5 Sec 5:2016,"Deferment Order, S.O.5038(E) dtd 6 Nov 2025"
Machinery and Electrical Equipment - Omnibus Technical Regulation,1,Type A: IS 16189:2018/ISO 12100:2010 (Safety of Machinery - General Principles for Design - Risk Assessment and Risk Reduction) and applicable Type B & Type C Standards,"All types of Pumps for handling liquids, liquid elevators and/or their assemblies/sub-assemblies/components",As per Type A/B/C standards applicable to the product,"Machinery and Electrical Equipment Safety (Omnibus Technical Regulation) Order, 2024, S.O.3649(E) dtd 28 Aug 2024; Amendment Order, 2025, S.O.2579(E) dtd 13 June 2025; Second Amendment Order, 2025, S.O.5179(E) dtd 13 Nov 2025; Rescind Order, 2024, S.O.239(E) dtd 16 Jan 2026"
Machinery and Electrical Equipment - Omnibus Technical Regulation,2,Type A: IS 16189:2018/ISO 12100:2010 (Safety of Machinery - General Principles for Design - Risk Assessment and Risk Reduction) and applicable Type B & Type C Standards,All types of compressors and/or their assemblies/sub-assemblies/components,As per Type A/B/C standards applicable to the product,"Machinery and Electrical Equipment Safety (Omnibus Technical Regulation) Order, 2024, S.O.3649(E) dtd 28 Aug 2024; Amendment Order, 2025, S.O.2579(E) dtd 13 June 2025; Second Amendment Order, 2025, S.O.5179(E) dtd 13 Nov 2025; Rescind Order, 2024, S.O.239(E) dtd 16 Jan 2026"
Machinery and Electrical Equipment - Omnibus Technical Regulation,3,Type A: IS 16189:2018/ISO 12100:2010 (Safety of Machinery - General Principles for Design - Risk Assessment and Risk Reduction) and applicable Type B & Type C Standards,All types of machinery for treatment of material by a process involving a change of temperature and/or their assemblies/sub-assemblies/components,As per Type A/B/C standards applicable to the product,"Machinery and Electrical Equipment Safety (Omnibus Technical Regulation) Order, 2024, S.O.3649(E) dtd 28 Aug 2024; Amendment Order, 2025, S.O.2579(E) dtd 13 June 2025; Second Amendment Order, 2025, S.O.5179(E) dtd 13 Nov 2025; Rescind Order, 2024, S.O.239(E) dtd 16 Jan 2026"
Machinery and Electrical Equipment - Omnibus Technical Regulation,4,Type A: IS 16189:2018/ISO 12100:2010 (Safety of Machinery - General Principles for Design - Risk Assessment and Risk Reduction) and applicable Type B & Type C Standards,"All types of centrifuges, filtering or purifying machinery for liquid and gas and/or their assemblies/sub-assemblies/components",As per Type A/B/C standards applicable to the product,"Machinery and Electrical Equipment Safety (Omnibus Technical Regulation) Order, 2024, S.O.3649(E) dtd 28 Aug 2024; Amendment Order, 2025, S.O.2579(E) dtd 13 June 2025; Second Amendment Order, 2025, S.O.5179(E) dtd 13 Nov 2025; Rescind Order, 2024, S.O.239(E) dtd 16 Jan 2026"
Machinery and Electrical Equipment - Omnibus Technical Regulation,5,Type A: IS 16189:2018/ISO 12100:2010 (Safety of Machinery - General Principles for Design - Risk Assessment and Risk Reduction) and applicable Type B & Type C Standards,"All types of machinery for filling, closing, sealing, labelling bottles, packing or wrapping and/or their assemblies/components",As per Type A/B/C standards applicable to the product,"Machinery and Electrical Equipment Safety (Omnibus Technical Regulation) Order, 2024, S.O.3649(E) dtd 28 Aug 2024; Amendment Order, 2025, S.O.2579(E) dtd 13 June 2025; Second Amendment Order, 2025, S.O.5179(E) dtd 13 Nov 2025; Rescind Order, 2024, S.O.239(E) dtd 16 Jan 2026"
Machinery and Electrical Equipment - Omnibus Technical Regulation,6,Type A: IS 16189:2018/ISO 12100:2010 (Safety of Machinery - General Principles for Design - Risk Assessment and Risk Reduction) and applicable Type B & Type C Standards,All types of cranes and/or their assemblies/sub-assemblies/components,As per Type A/B/C standards applicable to the product,"Machinery and Electrical Equipment Safety (Omnibus Technical Regulation) Order, 2024, S.O.3649(E) dtd 28 Aug 2024; Amendment Order, 2025, S.O.2579(E) dtd 13 June 2025; Second Amendment Order, 2025, S.O.5179(E) dtd 13 Nov 2025; Rescind Order, 2024, S.O.239(E) dtd 16 Jan 2026"
Machinery and Electrical Equipment - Omnibus Technical Regulation,7,Type A: IS 16189:2018/ISO 12100:2010 (Safety of Machinery - General Principles for Design - Risk Assessment and Risk Reduction) and applicable Type B & Type C Standards,"All types of machinery for construction, earthmoving, mining and/or their assemblies/sub-assemblies/components",As per Type A/B/C standards applicable to the product,"Machinery and Electrical Equipment Safety (Omnibus Technical Regulation) Order, 2024, S.O.3649(E) dtd 28 Aug 2024; Amendment Order, 2025, S.O.2579(E) dtd 13 June 2025; Second Amendment Order, 2025, S.O.5179(E) dtd 13 Nov 2025; Rescind Order, 2024, S.O.239(E) dtd 16 Jan 2026"
Machinery and Electrical Equipment - Omnibus Technical Regulation,8,Type A: IS 16189:2018/ISO 12100:2010 (Safety of Machinery - General Principles for Design - Risk Assessment and Risk Reduction) and applicable Type B & Type C Standards,All types of weaving machines (looms) and/or their assemblies/sub-assemblies/components,As per Type A/B/C standards applicable to the product,"Machinery and Electrical Equipment Safety (Omnibus Technical Regulation) Order, 2024, S.O.3649(E) dtd 28 Aug 2024; Amendment Order, 2025, S.O.2579(E) dtd 13 June 2025; Second Amendment Order, 2025, S.O.5179(E) dtd 13 Nov 2025; Rescind Order, 2024, S.O.239(E) dtd 16 Jan 2026"
Machinery and Electrical Equipment - Omnibus Technical Regulation,9,Type A: IS 16189:2018/ISO 12100:2010 (Safety of Machinery - General Principles for Design - Risk Assessment and Risk Reduction) and applicable Type B & Type C Standards,All types of machinery for making embroidery and/or their assemblies/sub-assemblies/components,As per Type A/B/C standards applicable to the product,"Machinery and Electrical Equipment Safety (Omnibus Technical Regulation) Order, 2024, S.O.3649(E) dtd 28 Aug 2024; Amendment Order, 2025, S.O.2579(E) dtd 13 June 2025; Second Amendment Order, 2025, S.O.5179(E) dtd 13 Nov 2025; Rescind Order, 2024, S.O.239(E) dtd 16 Jan 2026"
Machinery and Electrical Equipment - Omnibus Technical Regulation,10,Type A: IS 16189:2018/ISO 12100:2010 (Safety of Machinery - General Principles for Design - Risk Assessment and Risk Reduction) and applicable Type B & Type C Standards,All types of metal cutting machine tools covered under heading 8456 to 8461 and/or their assemblies/sub-assemblies/components,As per Type A/B/C standards applicable to the product,"Machinery and Electrical Equipment Safety (Omnibus Technical Regulation) Order, 2024, S.O.3649(E) dtd 28 Aug 2024; Amendment Order, 2025, S.O.2579(E) dtd 13 June 2025; Second Amendment Order, 2025, S.O.5179(E) dtd 13 Nov 2025; Rescind Order, 2024, S.O.239(E) dtd 16 Jan 2026"
Machinery and Electrical Equipment - Omnibus Technical Regulation,11,Type A: IS 16189:2018/ISO 12100:2010 (Safety of Machinery - General Principles for Design - Risk Assessment and Risk Reduction) and applicable Type B & Type C Standards,"All types of machine tools for working stone, ceramics, concrete, asbestos cement or like mineral glass and/or their assemblies/sub-assemblies/components",As per Type A/B/C standards applicable to the product,"Machinery and Electrical Equipment Safety (Omnibus Technical Regulation) Order, 2024, S.O.3649(E) dtd 28 Aug 2024; Amendment Order, 2025, S.O.2579(E) dtd 13 June 2025; Second Amendment Order, 2025, S.O.5179(E) dtd 13 Nov 2025; Rescind Order, 2024, S.O.239(E) dtd 16 Jan 2026"
Machinery and Electrical Equipment - Omnibus Technical Regulation,12,Type A: IS 16189:2018/ISO 12100:2010 (Safety of Machinery - General Principles for Design - Risk Assessment and Risk Reduction) and applicable Type B & Type C Standards,All types of machinery for working rubber and plastics and/or their assemblies/sub-assemblies/components,As per Type A/B/C standards applicable to the product,"Machinery and Electrical Equipment Safety (Omnibus Technical Regulation) Order, 2024, S.O.3649(E) dtd 28 Aug 2024; Amendment Order, 2025, S.O.2579(E) dtd 13 June 2025; Second Amendment Order, 2025, S.O.5179(E) dtd 13 Nov 2025; Rescind Order, 2024, S.O.239(E) dtd 16 Jan 2026"
Machinery and Electrical Equipment - Omnibus Technical Regulation,13,Type A: IS 16189:2018/ISO 12100:2010 (Safety of Machinery - General Principles for Design - Risk Assessment and Risk Reduction) and applicable Type B & Type C Standards,All types of machines including machines for public works & building and machinery & mechanical appliances having individual functions not specified/included elsewhere in Chapter 84 and/or their assemblies/components,As per Type A/B/C standards applicable to the product,"Machinery and Electrical Equipment Safety (Omnibus Technical Regulation) Order, 2024, S.O.3649(E) dtd 28 Aug 2024; Amendment Order, 2025, S.O.2579(E) dtd 13 June 2025; Second Amendment Order, 2025, S.O.5179(E) dtd 13 Nov 2025; Rescind Order, 2024, S.O.239(E) dtd 16 Jan 2026"
Machinery and Electrical Equipment - Omnibus Technical Regulation,14,Type A: IS 16189:2018/ISO 12100:2010 (Safety of Machinery - General Principles for Design - Risk Assessment and Risk Reduction) and applicable Type B & Type C Standards,"All types of gears and gearing, toothed wheels, chain sprocket, transmission elements, ball or roller screws, gear boxes and speed changers including torque converters and/or their assemblies/sub-assemblies/components",As per Type A/B/C standards applicable to the product,"Machinery and Electrical Equipment Safety (Omnibus Technical Regulation) Order, 2024, S.O.3649(E) dtd 28 Aug 2024; Amendment Order, 2025, S.O.2579(E) dtd 13 June 2025; Second Amendment Order, 2025, S.O.5179(E) dtd 13 Nov 2025; Rescind Order, 2024, S.O.239(E) dtd 16 Jan 2026"
Machinery and Electrical Equipment - Omnibus Technical Regulation,15,Type A: IS 16189:2018/ISO 12100:2010 (Safety of Machinery - General Principles for Design - Risk Assessment and Risk Reduction) and applicable Type B & Type C Standards,"All types of Rotary electrical machines such as Generator, etc. and/or their assemblies/sub-assemblies/components",As per Type A/B/C standards applicable to the product,"Machinery and Electrical Equipment Safety (Omnibus Technical Regulation) Order, 2024, S.O.3649(E) dtd 28 Aug 2024; Amendment Order, 2025, S.O.2579(E) dtd 13 June 2025; Second Amendment Order, 2025, S.O.5179(E) dtd 13 Nov 2025; Rescind Order, 2024, S.O.239(E) dtd 16 Jan 2026"
Machinery and Electrical Equipment - Omnibus Technical Regulation,16,Type A: IS 16189:2018/ISO 12100:2010 (Safety of Machinery - General Principles for Design - Risk Assessment and Risk Reduction) and applicable Type B & Type C Standards,All types of Diesel Generator and/or their assemblies/sub-assemblies/components,As per Type A/B/C standards applicable to the product,"Machinery and Electrical Equipment Safety (Omnibus Technical Regulation) Order, 2024, S.O.3649(E) dtd 28 Aug 2024; Amendment Order, 2025, S.O.2579(E) dtd 13 June 2025; Second Amendment Order, 2025, S.O.5179(E) dtd 13 Nov 2025; Rescind Order, 2024, S.O.239(E) dtd 16 Jan 2026"
Machinery and Electrical Equipment - Omnibus Technical Regulation,17,Type A: IS 16189:2018/ISO 12100:2010 (Safety of Machinery - General Principles for Design - Risk Assessment and Risk Reduction) and applicable Type B & Type C Standards,All types of Transformer and/or their assemblies/sub-assemblies/components,As per Type A/B/C standards applicable to the product,"Machinery and Electrical Equipment Safety (Omnibus Technical Regulation) Order, 2024, S.O.3649(E) dtd 28 Aug 2024; Amendment Order, 2025, S.O.2579(E) dtd 13 June 2025; Second Amendment Order, 2025, S.O.5179(E) dtd 13 Nov 2025; Rescind Order, 2024, S.O.239(E) dtd 16 Jan 2026"
Machinery and Electrical Equipment - Omnibus Technical Regulation,18,Type A: IS 16189:2018/ISO 12100:2010 (Safety of Machinery - General Principles for Design - Risk Assessment and Risk Reduction) and applicable Type B & Type C Standards,All types of Power Semiconductor Converter and/or their assemblies/sub-assemblies/components,As per Type A/B/C standards applicable to the product,"Machinery and Electrical Equipment Safety (Omnibus Technical Regulation) Order, 2024, S.O.3649(E) dtd 28 Aug 2024; Amendment Order, 2025, S.O.2579(E) dtd 13 June 2025; Second Amendment Order, 2025, S.O.5179(E) dtd 13 Nov 2025; Rescind Order, 2024, S.O.239(E) dtd 16 Jan 2026"
Machinery and Electrical Equipment - Omnibus Technical Regulation,19,Type A: IS 16189:2018/ISO 12100:2010 (Safety of Machinery - General Principles for Design - Risk Assessment and Risk Reduction) and applicable Type B & Type C Standards,All types of switch gear and control gear equipment operating at voltages not exceeding 1000 volts and/or their assemblies/sub-assemblies/components,As per Type A/B/C standards applicable to the product,"Machinery and Electrical Equipment Safety (Omnibus Technical Regulation) Order, 2024, S.O.3649(E) dtd 28 Aug 2024; Amendment Order, 2025, S.O.2579(E) dtd 13 June 2025; Second Amendment Order, 2025, S.O.5179(E) dtd 13 Nov 2025; Rescind Order, 2024, S.O.239(E) dtd 16 Jan 2026"
Machinery and Electrical Equipment - Omnibus Technical Regulation,20,Type A: IS 16189:2018/ISO 12100:2010 (Safety of Machinery - General Principles for Design - Risk Assessment and Risk Reduction) and applicable Type B & Type C Standards,All types of switch gear and control gear equipment operating at voltages exceeding 1000 volts and/or their assemblies/sub-assemblies/components,As per Type A/B/C standards applicable to the product,"Machinery and Electrical Equipment Safety (Omnibus Technical Regulation) Order, 2024, S.O.3649(E) dtd 28 Aug 2024; Amendment Order, 2025, S.O.2579(E) dtd 13 June 2025; Second Amendment Order, 2025, S.O.5179(E) dtd 13 Nov 2025; Rescind Order, 2024, S.O.239(E) dtd 16 Jan 2026"
Electronics and IT Goods - Compulsory Registration Scheme (MeitY),1,IS/IEC 62368 Part 1:2023,Electronic Games (Video),As per essential requirements/safety requirements of the cited IS standard,"Electronics & IT Goods (Requirement for Compulsory Registration) Order, 2012, dtd 03 Oct 2012, Notification No. S.O.2357(E) dtd 7 Sep 2012; Amendments: S.O.822(E) dtd 20 Mar 2013, S.O.2033(E) dtd 2 Jul 2013, S.O.2034(E) dtd 25 Jun 2013; Superseded by Electronics and IT Goods (Requirement of Compulsory Registration) Order, 2021; Amendment S.O.124(E) dtd 10 Mar 2026"
Electronics and IT Goods - Compulsory Registration Scheme (MeitY),2,IS/IEC 62368 Part 1:2023,Laptop/Notebook/Tablets,As per essential requirements/safety requirements of the cited IS standard,"Electronics & IT Goods (Requirement for Compulsory Registration) Order, 2012, dtd 03 Oct 2012, Notification No. S.O.2357(E) dtd 7 Sep 2012; Amendments: S.O.822(E) dtd 20 Mar 2013, S.O.2033(E) dtd 2 Jul 2013, S.O.2034(E) dtd 25 Jun 2013; Superseded by Electronics and IT Goods (Requirement of Compulsory Registration) Order, 2021; Amendment S.O.124(E) dtd 10 Mar 2026"
Electronics and IT Goods - Compulsory Registration Scheme (MeitY),3,IS/IEC 62368 Part 1:2023,"Plasma/LCD/LED Televisions of screen size 32"" & above",As per essential requirements/safety requirements of the cited IS standard,"Electronics & IT Goods (Requirement for Compulsory Registration) Order, 2012, dtd 03 Oct 2012, Notification No. S.O.2357(E) dtd 7 Sep 2012; Amendments: S.O.822(E) dtd 20 Mar 2013, S.O.2033(E) dtd 2 Jul 2013, S.O.2034(E) dtd 25 Jun 2013; Superseded by Electronics and IT Goods (Requirement of Compulsory Registration) Order, 2021; Amendment S.O.124(E) dtd 10 Mar 2026"
Electronics and IT Goods - Compulsory Registration Scheme (MeitY),4,IS/IEC 62368 Part 1:2023,Optical Disc Players with built in amplifiers of input power 200W and above,As per essential requirements/safety requirements of the cited IS standard,"Electronics & IT Goods (Requirement for Compulsory Registration) Order, 2012, dtd 03 Oct 2012, Notification No. S.O.2357(E) dtd 7 Sep 2012; Amendments: S.O.822(E) dtd 20 Mar 2013, S.O.2033(E) dtd 2 Jul 2013, S.O.2034(E) dtd 25 Jun 2013; Superseded by Electronics and IT Goods (Requirement of Compulsory Registration) Order, 2021; Amendment S.O.124(E) dtd 10 Mar 2026"
Electronics and IT Goods - Compulsory Registration Scheme (MeitY),5,IS 302-2-25,Microwave Ovens,As per essential requirements/safety requirements of the cited IS standard,"Electronics & IT Goods (Requirement for Compulsory Registration) Order, 2012, dtd 03 Oct 2012, Notification No. S.O.2357(E) dtd 7 Sep 2012; Amendments: S.O.822(E) dtd 20 Mar 2013, S.O.2033(E) dtd 2 Jul 2013, S.O.2034(E) dtd 25 Jun 2013; Superseded by Electronics and IT Goods (Requirement of Compulsory Registration) Order, 2021; Amendment S.O.124(E) dtd 10 Mar 2026"
Electronics and IT Goods - Compulsory Registration Scheme (MeitY),6,IS/IEC 62368 Part 1:2023,"Visual Display Units, Video Monitors of screen size 32"" & above",As per essential requirements/safety requirements of the cited IS standard,"Electronics & IT Goods (Requirement for Compulsory Registration) Order, 2012, dtd 03 Oct 2012, Notification No. S.O.2357(E) dtd 7 Sep 2012; Amendments: S.O.822(E) dtd 20 Mar 2013, S.O.2033(E) dtd 2 Jul 2013, S.O.2034(E) dtd 25 Jun 2013; Superseded by Electronics and IT Goods (Requirement of Compulsory Registration) Order, 2021; Amendment S.O.124(E) dtd 10 Mar 2026"
Electronics and IT Goods - Compulsory Registration Scheme (MeitY),7,IS/IEC 62368 Part 1:2023,"Printers, Plotters",As per essential requirements/safety requirements of the cited IS standard,"Electronics & IT Goods (Requirement for Compulsory Registration) Order, 2012, dtd 03 Oct 2012, Notification No. S.O.2357(E) dtd 7 Sep 2012; Amendments: S.O.822(E) dtd 20 Mar 2013, S.O.2033(E) dtd 2 Jul 2013, S.O.2034(E) dtd 25 Jun 2013; Superseded by Electronics and IT Goods (Requirement of Compulsory Registration) Order, 2021; Amendment S.O.124(E) dtd 10 Mar 2026"
Electronics and IT Goods - Compulsory Registration Scheme (MeitY),8,IS/IEC 62368 Part 1:2023,Scanners,As per essential requirements/safety requirements of the cited IS standard,"Electronics & IT Goods (Requirement for Compulsory Registration) Order, 2012, dtd 03 Oct 2012, Notification No. S.O.2357(E) dtd 7 Sep 2012; Amendments: S.O.822(E) dtd 20 Mar 2013, S.O.2033(E) dtd 2 Jul 2013, S.O.2034(E) dtd 25 Jun 2013; Superseded by Electronics and IT Goods (Requirement of Compulsory Registration) Order, 2021; Amendment S.O.124(E) dtd 10 Mar 2026"
Electronics and IT Goods - Compulsory Registration Scheme (MeitY),9,IS/IEC 62368 Part 1:2023,Wireless Keyboards,As per essential requirements/safety requirements of the cited IS standard,"Electronics & IT Goods (Requirement for Compulsory Registration) Order, 2012, dtd 03 Oct 2012, Notification No. S.O.2357(E) dtd 7 Sep 2012; Amendments: S.O.822(E) dtd 20 Mar 2013, S.O.2033(E) dtd 2 Jul 2013, S.O.2034(E) dtd 25 Jun 2013; Superseded by Electronics and IT Goods (Requirement of Compulsory Registration) Order, 2021; Amendment S.O.124(E) dtd 10 Mar 2026"
Electronics and IT Goods - Compulsory Registration Scheme (MeitY),10,IS/IEC 62368 Part 1:2023,Telephone Answering Machines,As per essential requirements/safety requirements of the cited IS standard,"Electronics & IT Goods (Requirement for Compulsory Registration) Order, 2012, dtd 03 Oct 2012, Notification No. S.O.2357(E) dtd 7 Sep 2012; Amendments: S.O.822(E) dtd 20 Mar 2013, S.O.2033(E) dtd 2 Jul 2013, S.O.2034(E) dtd 25 Jun 2013; Superseded by Electronics and IT Goods (Requirement of Compulsory Registration) Order, 2021; Amendment S.O.124(E) dtd 10 Mar 2026"
Electronics and IT Goods - Compulsory Registration Scheme (MeitY),11,IS/IEC 62368 Part 1:2023,Amplifiers with input power 2000W and above,As per essential requirements/safety requirements of the cited IS standard,"Electronics & IT Goods (Requirement for Compulsory Registration) Order, 2012, dtd 03 Oct 2012, Notification No. S.O.2357(E) dtd 7 Sep 2012; Amendments: S.O.822(E) dtd 20 Mar 2013, S.O.2033(E) dtd 2 Jul 2013, S.O.2034(E) dtd 25 Jun 2013; Superseded by Electronics and IT Goods (Requirement of Compulsory Registration) Order, 2021; Amendment S.O.124(E) dtd 10 Mar 2026"
Electronics and IT Goods - Compulsory Registration Scheme (MeitY),12,IS/IEC 62368 Part 1:2023,Electronic Musical Systems with input power 200W and above,As per essential requirements/safety requirements of the cited IS standard,"Electronics & IT Goods (Requirement for Compulsory Registration) Order, 2012, dtd 03 Oct 2012, Notification No. S.O.2357(E) dtd 7 Sep 2012; Amendments: S.O.822(E) dtd 20 Mar 2013, S.O.2033(E) dtd 2 Jul 2013, S.O.2034(E) dtd 25 Jun 2013; Superseded by Electronics and IT Goods (Requirement of Compulsory Registration) Order, 2021; Amendment S.O.124(E) dtd 10 Mar 2026"
Electronics and IT Goods - Compulsory Registration Scheme (MeitY),13,IS 302-2:26,Electronic Clocks with Mains Power,As per essential requirements/safety requirements of the cited IS standard,"Electronics & IT Goods (Requirement for Compulsory Registration) Order, 2012, dtd 03 Oct 2012, Notification No. S.O.2357(E) dtd 7 Sep 2012; Amendments: S.O.822(E) dtd 20 Mar 2013, S.O.2033(E) dtd 2 Jul 2013, S.O.2034(E) dtd 25 Jun 2013; Superseded by Electronics and IT Goods (Requirement of Compulsory Registration) Order, 2021; Amendment S.O.124(E) dtd 10 Mar 2026"
Electronics and IT Goods - Compulsory Registration Scheme (MeitY),14,IS/IEC 62368 Part 1:2023,Set Top Box,As per essential requirements/safety requirements of the cited IS standard,"Electronics & IT Goods (Requirement for Compulsory Registration) Order, 2012, dtd 03 Oct 2012, Notification No. S.O.2357(E) dtd 7 Sep 2012; Amendments: S.O.822(E) dtd 20 Mar 2013, S.O.2033(E) dtd 2 Jul 2013, S.O.2034(E) dtd 25 Jun 2013; Superseded by Electronics and IT Goods (Requirement of Compulsory Registration) Order, 2021; Amendment S.O.124(E) dtd 10 Mar 2026"
Electronics and IT Goods - Compulsory Registration Scheme (MeitY),15,IS/IEC 62368 Part 1:2023,Automatic Data Processing Machine,As per essential requirements/safety requirements of the cited IS standard,"Electronics & IT Goods (Requirement for Compulsory Registration) Order, 2012, dtd 03 Oct 2012, Notification No. S.O.2357(E) dtd 7 Sep 2012; Amendments: S.O.822(E) dtd 20 Mar 2013, S.O.2033(E) dtd 2 Jul 2013, S.O.2034(E) dtd 25 Jun 2013; Superseded by Electronics and IT Goods (Requirement of Compulsory Registration) Order, 2021; Amendment S.O.124(E) dtd 10 Mar 2026"
Electronics and IT Goods - Compulsory Registration Scheme (MeitY),16,IS/IEC 62368 Part 1:2023,Power Adaptors for IT Equipments,As per essential requirements/safety requirements of the cited IS standard,"Electronics & IT Goods (Requirement for Compulsory Registration) Order, 2012, dtd 03 Oct 2012, Notification No. S.O.2357(E) dtd 7 Sep 2012; Amendments: S.O.822(E) dtd 20 Mar 2013, S.O.2033(E) dtd 2 Jul 2013, S.O.2034(E) dtd 25 Jun 2013; Superseded by Electronics and IT Goods (Requirement of Compulsory Registration) Order, 2021; Amendment S.O.124(E) dtd 10 Mar 2026"
Electronics and IT Goods - Compulsory Registration Scheme (MeitY),17,IS/IEC 62368 Part 1:2023,"Power Adaptors for Audio, Video & Similar Electronic Apparatus",As per essential requirements/safety requirements of the cited IS standard,"Electronics & IT Goods (Requirement for Compulsory Registration) Order, 2012, dtd 13 Nov 2012, Notification No. S.O.2905(E) dtd 7 Nov 2014; Extension Order for select products; Amendments: S.O.344(E) dtd 30 Nov 2015, S.O.2578(E) dtd 7 Aug 2015; Superseded by Electronics and IT Goods (Requirement of Compulsory Registration) Order, 2021; Amendment S.O.124(E) dtd 10 Mar 2026"
Electronics and IT Goods - Compulsory Registration Scheme (MeitY),18,IS 16242 Part 1,UPS/Inverter of rating <=5kVA,As per essential requirements/safety requirements of the cited IS standard,"Electronics & IT Goods (Requirement for Compulsory Registration) Order, 2012, dtd 13 Nov 2012, Notification No. S.O.2905(E) dtd 7 Nov 2014; Extension Order for select products; Amendments: S.O.344(E) dtd 30 Nov 2015, S.O.2578(E) dtd 7 Aug 2015; Superseded by Electronics and IT Goods (Requirement of Compulsory Registration) Order, 2021; Amendment S.O.124(E) dtd 10 Mar 2026"
Electronics and IT Goods - Compulsory Registration Scheme (MeitY),19,IS 15885 Part 2/Sec 13,DC or AC Supplied Electronic Control gear for LED Modules,As per essential requirements/safety requirements of the cited IS standard,"Electronics & IT Goods (Requirement for Compulsory Registration) Order, 2012, dtd 13 Nov 2012, Notification No. S.O.2905(E) dtd 7 Nov 2014; Extension Order for select products; Amendments: S.O.344(E) dtd 30 Nov 2015, S.O.2578(E) dtd 7 Aug 2015; Superseded by Electronics and IT Goods (Requirement of Compulsory Registration) Order, 2021; Amendment S.O.124(E) dtd 10 Mar 2026"
Electronics and IT Goods - Compulsory Registration Scheme (MeitY),20,IS 16046,Sealed Secondary Cells/Batteries containing Alkaline or other non-acid Electrolytes for portable applications,As per essential requirements/safety requirements of the cited IS standard,"Electronics & IT Goods (Requirement for Compulsory Registration) Order, 2012, dtd 13 Nov 2012, Notification No. S.O.2905(E) dtd 7 Nov 2014; Extension Order for select products; Amendments: S.O.344(E) dtd 30 Nov 2015, S.O.2578(E) dtd 7 Aug 2015; Superseded by Electronics and IT Goods (Requirement of Compulsory Registration) Order, 2021; Amendment S.O.124(E) dtd 10 Mar 2026"
Electronics and IT Goods - Compulsory Registration Scheme (MeitY),21,IS 16102 Part 1,Self-Ballast LED Lamps for General Lighting Services,As per essential requirements/safety requirements of the cited IS standard,"Electronics & IT Goods (Requirement for Compulsory Registration) Order, 2012, dtd 13 Nov 2012, Notification No. S.O.2905(E) dtd 7 Nov 2014; Extension Order for select products; Amendments: S.O.344(E) dtd 30 Nov 2015, S.O.2578(E) dtd 7 Aug 2015; Superseded by Electronics and IT Goods (Requirement of Compulsory Registration) Order, 2021; Amendment S.O.124(E) dtd 10 Mar 2026"
Electronics and IT Goods - Compulsory Registration Scheme (MeitY),22,IS 10322 Part 5/Sec 1,Fixed General Purpose LED Luminaries,As per essential requirements/safety requirements of the cited IS standard,"Electronics & IT Goods (Requirement for Compulsory Registration) Order, 2012, dtd 13 Nov 2012, Notification No. S.O.2905(E) dtd 7 Nov 2014; Extension Order for select products; Amendments: S.O.344(E) dtd 30 Nov 2015, S.O.2578(E) dtd 7 Aug 2015; Superseded by Electronics and IT Goods (Requirement of Compulsory Registration) Order, 2021; Amendment S.O.124(E) dtd 10 Mar 2026"
Electronics and IT Goods - Compulsory Registration Scheme (MeitY),23,IS/IEC 62368 Part 1:2023,Mobile Phones,As per essential requirements/safety requirements of the cited IS standard,"Electronics & IT Goods (Requirement for Compulsory Registration) Order, 2012, dtd 13 Nov 2012, Notification No. S.O.2905(E) dtd 7 Nov 2014; Extension Order for select products; Amendments: S.O.344(E) dtd 30 Nov 2015, S.O.2578(E) dtd 7 Aug 2015; Superseded by Electronics and IT Goods (Requirement of Compulsory Registration) Order, 2021; Amendment S.O.124(E) dtd 10 Mar 2026"
Electronics and IT Goods - Compulsory Registration Scheme (MeitY),24,IS/IEC 62368 Part 1:2023,Cash Registers,As per essential requirements/safety requirements of the cited IS standard,"Electronics & IT Goods (Requirement for Compulsory Registration) Order, 2012, dtd 13 Nov 2012, Notification No. S.O.2905(E) dtd 7 Nov 2014; Extension Order for select products; Amendments: S.O.344(E) dtd 30 Nov 2015, S.O.2578(E) dtd 7 Aug 2015; Superseded by Electronics and IT Goods (Requirement of Compulsory Registration) Order, 2021; Amendment S.O.124(E) dtd 10 Mar 2026"
Electronics and IT Goods - Compulsory Registration Scheme (MeitY),25,IS/IEC 62368 Part 1:2023,Point of Sale Terminals,As per essential requirements/safety requirements of the cited IS standard,"Electronics & IT Goods (Requirement for Compulsory Registration) Order, 2012, dtd 13 Nov 2012, Notification No. S.O.2905(E) dtd 7 Nov 2014; Extension Order for select products; Amendments: S.O.344(E) dtd 30 Nov 2015, S.O.2578(E) dtd 7 Aug 2015; Superseded by Electronics and IT Goods (Requirement of Compulsory Registration) Order, 2021; Amendment S.O.124(E) dtd 10 Mar 2026"
Electronics and IT Goods - Compulsory Registration Scheme (MeitY),26,IS/IEC 62368 Part 1:2023,Copying Machines/Duplicators,As per essential requirements/safety requirements of the cited IS standard,"Electronics & IT Goods (Requirement for Compulsory Registration) Order, 2012, dtd 13 Nov 2012, Notification No. S.O.2905(E) dtd 7 Nov 2014; Extension Order for select products; Amendments: S.O.344(E) dtd 30 Nov 2015, S.O.2578(E) dtd 7 Aug 2015; Superseded by Electronics and IT Goods (Requirement of Compulsory Registration) Order, 2021; Amendment S.O.124(E) dtd 10 Mar 2026"
Electronics and IT Goods - Compulsory Registration Scheme (MeitY),27,IS/IEC 62368 Part 1:2023,Smart Card Readers,As per essential requirements/safety requirements of the cited IS standard,"Electronics & IT Goods (Requirement for Compulsory Registration) Order, 2012, dtd 13 Nov 2012, Notification No. S.O.2905(E) dtd 7 Nov 2014; Extension Order for select products; Amendments: S.O.344(E) dtd 30 Nov 2015, S.O.2578(E) dtd 7 Aug 2015; Superseded by Electronics and IT Goods (Requirement of Compulsory Registration) Order, 2021; Amendment S.O.124(E) dtd 10 Mar 2026"
Electronics and IT Goods - Compulsory Registration Scheme (MeitY),28,IS/IEC 62368 Part 1:2023,Mail Processing Machines/Franking Machines,As per essential requirements/safety requirements of the cited IS standard,"Electronics & IT Goods (Requirement for Compulsory Registration) Order, 2012, dtd 13 Nov 2012, Notification No. S.O.2905(E) dtd 7 Nov 2014; Extension Order for select products; Amendments: S.O.344(E) dtd 30 Nov 2015, S.O.2578(E) dtd 7 Aug 2015; Superseded by Electronics and IT Goods (Requirement of Compulsory Registration) Order, 2021; Amendment S.O.124(E) dtd 10 Mar 2026"
Electronics and IT Goods - Compulsory Registration Scheme (MeitY),29,IS/IEC 62368 Part 1:2023,Passport Reader,As per essential requirements/safety requirements of the cited IS standard,"Electronics & IT Goods (Requirement for Compulsory Registration) Order, 2012, dtd 13 Nov 2012, Notification No. S.O.2905(E) dtd 7 Nov 2014; Extension Order for select products; Amendments: S.O.344(E) dtd 30 Nov 2015, S.O.2578(E) dtd 7 Aug 2015; Superseded by Electronics and IT Goods (Requirement of Compulsory Registration) Order, 2021; Amendment S.O.124(E) dtd 10 Mar 2026"
Electronics and IT Goods - Compulsory Registration Scheme (MeitY),30,IS/IEC 62368 Part 1:2023,Power Banks for use in portable applications,As per essential requirements/safety requirements of the cited IS standard,"Electronics & IT Goods (Requirement for Compulsory Registration) Order, 2012, dtd 13 Nov 2012, Notification No. S.O.2905(E) dtd 7 Nov 2014; Extension Order for select products; Amendments: S.O.344(E) dtd 30 Nov 2015, S.O.2578(E) dtd 7 Aug 2015; Superseded by Electronics and IT Goods (Requirement of Compulsory Registration) Order, 2021; Amendment S.O.124(E) dtd 10 Mar 2026"
Electronics and IT Goods - Compulsory Registration Scheme (MeitY),31,IS 16333 Part-3,Mobile Phones (Indian Language Support - Specific Requirements),As per essential requirements/safety requirements of the cited IS standard,"SO No. Nil dtd 24 Oct 2016; Date of Implementation 1 Jul 2017; Superseded by Electronics and IT Goods (Requirement of Compulsory Registration) Order, 2021; Amendment S.O.124(E) dtd 10 Mar 2026"
Electronics and IT Goods - Compulsory Registration Scheme (MeitY),32,IS 10322 Part 5/Section 2:2012,Recessed LED Luminaries,As per essential requirements/safety requirements of the cited IS standard,"S.O.2742(E) dtd 17 Aug 2017; Superseded by Electronics and IT Goods (Requirement of Compulsory Registration) Order, 2021; Essential Requirement for CCTV as per Annexure, S.O.1652(E) dtd 9 Apr 2024; Amendment S.O.124(E) dtd 10 Mar 2026"
Electronics and IT Goods - Compulsory Registration Scheme (MeitY),33,IS 10322 Part 5/Section 3:2012,LED Luminaires for Road and Street lighting,As per essential requirements/safety requirements of the cited IS standard,"Electronics & IT Goods (Requirement for Compulsory Registration) Order, 2012, dtd 13 Nov 2012, Notification No. S.O.2905(E) dtd 7 Nov 2014; Extension Order for select products; Amendments: S.O.344(E) dtd 30 Nov 2015, S.O.2578(E) dtd 7 Aug 2015; Superseded by Electronics and IT Goods (Requirement of Compulsory Registration) Order, 2021; Amendment S.O.124(E) dtd 10 Mar 2026"
Electronics and IT Goods - Compulsory Registration Scheme (MeitY),34,IS 10322 Part 5/Section 5:2013,LED Flood Lights,As per essential requirements/safety requirements of the cited IS standard,"Electronics & IT Goods (Requirement for Compulsory Registration) Order, 2012, dtd 13 Nov 2012, Notification No. S.O.2905(E) dtd 7 Nov 2014; Extension Order for select products; Amendments: S.O.344(E) dtd 30 Nov 2015, S.O.2578(E) dtd 7 Aug 2015; Superseded by Electronics and IT Goods (Requirement of Compulsory Registration) Order, 2021; Amendment S.O.124(E) dtd 10 Mar 2026"
Electronics and IT Goods - Compulsory Registration Scheme (MeitY),35,IS 10322 Part 5/Section 6:2013,LED Hand lamps,As per essential requirements/safety requirements of the cited IS standard,"Electronics & IT Goods (Requirement for Compulsory Registration) Order, 2012, dtd 13 Nov 2012, Notification No. S.O.2905(E) dtd 7 Nov 2014; Extension Order for select products; Amendments: S.O.344(E) dtd 30 Nov 2015, S.O.2578(E) dtd 7 Aug 2015; Superseded by Electronics and IT Goods (Requirement of Compulsory Registration) Order, 2021; Amendment S.O.124(E) dtd 10 Mar 2026"
Electronics and IT Goods - Compulsory Registration Scheme (MeitY),36,IS 10322 Part 5/Section 7:2013,LED Lighting Chains,As per essential requirements/safety requirements of the cited IS standard,"Electronics & IT Goods (Requirement for Compulsory Registration) Order, 2012, dtd 13 Nov 2012, Notification No. S.O.2905(E) dtd 7 Nov 2014; Extension Order for select products; Amendments: S.O.344(E) dtd 30 Nov 2015, S.O.2578(E) dtd 7 Aug 2015; Superseded by Electronics and IT Goods (Requirement of Compulsory Registration) Order, 2021; Amendment S.O.124(E) dtd 10 Mar 2026"
Electronics and IT Goods - Compulsory Registration Scheme (MeitY),37,IS 10322 Part 5/Section 8:2013,LED Luminaires for Emergency Lighting,As per essential requirements/safety requirements of the cited IS standard,"Electronics & IT Goods (Requirement for Compulsory Registration) Order, 2012, dtd 13 Nov 2012, Notification No. S.O.2905(E) dtd 7 Nov 2014; Extension Order for select products; Amendments: S.O.344(E) dtd 30 Nov 2015, S.O.2578(E) dtd 7 Aug 2015; Superseded by Electronics and IT Goods (Requirement of Compulsory Registration) Order, 2021; Amendment S.O.124(E) dtd 10 Mar 2026"
Electronics and IT Goods - Compulsory Registration Scheme (MeitY),38,IS 16242 Part 1:2014,UPS/Inverter of rating <=10kVA,As per essential requirements/safety requirements of the cited IS standard,"Electronics & IT Goods (Requirement for Compulsory Registration) Order, 2012, dtd 13 Nov 2012, Notification No. S.O.2905(E) dtd 7 Nov 2014; Extension Order for select products; Amendments: S.O.344(E) dtd 30 Nov 2015, S.O.2578(E) dtd 7 Aug 2015; Superseded by Electronics and IT Goods (Requirement of Compulsory Registration) Order, 2021; Amendment S.O.124(E) dtd 10 Mar 2026"
Electronics and IT Goods - Compulsory Registration Scheme (MeitY),39,IS/IEC 62368 Part 1:2023,"Plasma/LCD/LED Television of screen size upto 32""",As per essential requirements/safety requirements of the cited IS standard,"Electronics & IT Goods (Requirement for Compulsory Registration) Order, 2012, dtd 13 Nov 2012, Notification No. S.O.2905(E) dtd 7 Nov 2014; Extension Order for select products; Amendments: S.O.344(E) dtd 30 Nov 2015, S.O.2578(E) dtd 7 Aug 2015; Superseded by Electronics and IT Goods (Requirement of Compulsory Registration) Order, 2021; Amendment S.O.124(E) dtd 10 Mar 2026"
Electronics and IT Goods - Compulsory Registration Scheme (MeitY),40,IS/IEC 62368 Part 1:2023,"Visual Display Units, Video Monitors of screen size upto 32""",As per essential requirements/safety requirements of the cited IS standard,"Electronics & IT Goods (Requirement for Compulsory Registration) Order, 2012, dtd 13 Nov 2012, Notification No. S.O.2905(E) dtd 7 Nov 2014; Extension Order for select products; Amendments: S.O.344(E) dtd 30 Nov 2015, S.O.2578(E) dtd 7 Aug 2015; Superseded by Electronics and IT Goods (Requirement of Compulsory Registration) Order, 2021; Amendment S.O.124(E) dtd 10 Mar 2026"
Electronics and IT Goods - Compulsory Registration Scheme (MeitY),41,IS/IEC 62368 Part 1:2023,CCTV Cameras/CCTV Recorders,As per essential requirements/safety requirements of the cited IS standard,"Electronics & IT Goods (Requirement for Compulsory Registration) Order, 2012, dtd 13 Nov 2012, Notification No. S.O.2905(E) dtd 7 Nov 2014; Extension Order for select products; Amendments: S.O.344(E) dtd 30 Nov 2015, S.O.2578(E) dtd 7 Aug 2015; Superseded by Electronics and IT Goods (Requirement of Compulsory Registration) Order, 2021; Amendment S.O.124(E) dtd 10 Mar 2026"
Electronics and IT Goods - Compulsory Registration Scheme (MeitY),42,IS 302 Part 1:2008,Adapters for household and similar electrical appliances,As per essential requirements/safety requirements of the cited IS standard,"Electronics & IT Goods (Requirement for Compulsory Registration) Order, 2012, dtd 13 Nov 2012, Notification No. S.O.2905(E) dtd 7 Nov 2014; Extension Order for select products; Amendments: S.O.344(E) dtd 30 Nov 2015, S.O.2578(E) dtd 7 Aug 2015; Superseded by Electronics and IT Goods (Requirement of Compulsory Registration) Order, 2021; Amendment S.O.124(E) dtd 10 Mar 2026"
Electronics and IT Goods - Compulsory Registration Scheme (MeitY),43,IS/IEC 62368 Part 1:2023,"USB driven Barcode readers, barcode scanners, Iris scanners, Optical fingerprint scanners",As per essential requirements/safety requirements of the cited IS standard,"Electronics & IT Goods (Requirement for Compulsory Registration) Order, 2012, dtd 13 Nov 2012, Notification No. S.O.2905(E) dtd 7 Nov 2014; Extension Order for select products; Amendments: S.O.344(E) dtd 30 Nov 2015, S.O.2578(E) dtd 7 Aug 2015; Superseded by Electronics and IT Goods (Requirement of Compulsory Registration) Order, 2021; Amendment S.O.124(E) dtd 10 Mar 2026"
Electronics and IT Goods - Compulsory Registration Scheme (MeitY),44,IS/IEC 62368 Part 1:2023,Smart watches,As per essential requirements/safety requirements of the cited IS standard,"Electronics & IT Goods (Requirement for Compulsory Registration) Order, 2012, dtd 13 Nov 2012, Notification No. S.O.2905(E) dtd 7 Nov 2014; Extension Order for select products; Amendments: S.O.344(E) dtd 30 Nov 2015, S.O.2578(E) dtd 7 Aug 2015; Superseded by Electronics and IT Goods (Requirement of Compulsory Registration) Order, 2021; Amendment S.O.124(E) dtd 10 Mar 2026"
Electronics and IT Goods - Compulsory Registration Scheme (MeitY),45,IS 16103 Part 1:2012,Standalone LED Modules for General Lighting,As per essential requirements/safety requirements of the cited IS standard,"SO 1236(E) dtd 01 Apr 2020; Date of implementation on expiry of six months (01 Oct 2020); Superseded by Electronics and IT Goods (Requirement of Compulsory Registration) Order, 2021; Amendment S.O.124(E) dtd 10 Mar 2026"
Electronics and IT Goods - Compulsory Registration Scheme (MeitY),46,IS 10322 Part 5/Section 9:2017,Lighting Chain (Rope Lights),As per essential requirements/safety requirements of the cited IS standard,"Electronics & IT Goods (Requirement for Compulsory Registration) Order, 2012, dtd 13 Nov 2012, Notification No. S.O.2905(E) dtd 7 Nov 2014; Extension Order for select products; Amendments: S.O.344(E) dtd 30 Nov 2015, S.O.2578(E) dtd 7 Aug 2015; Superseded by Electronics and IT Goods (Requirement of Compulsory Registration) Order, 2021; Amendment S.O.124(E) dtd 10 Mar 2026"
Electronics and IT Goods - Compulsory Registration Scheme (MeitY),47,IS/IEC 62368 Part 1:2023,Keyboard,As per essential requirements/safety requirements of the cited IS standard,"Electronics & IT Goods (Requirement for Compulsory Registration) Order, 2012, dtd 13 Nov 2012, Notification No. S.O.2905(E) dtd 7 Nov 2014; Extension Order for select products; Amendments: S.O.344(E) dtd 30 Nov 2015, S.O.2578(E) dtd 7 Aug 2015; Superseded by Electronics and IT Goods (Requirement of Compulsory Registration) Order, 2021; Amendment S.O.124(E) dtd 10 Mar 2026"
Electronics and IT Goods - Compulsory Registration Scheme (MeitY),48,IS 302 Part 2/Section 6:2009,Induction Stove,As per essential requirements/safety requirements of the cited IS standard,"Electronics & IT Goods (Requirement for Compulsory Registration) Order, 2012, dtd 13 Nov 2012, Notification No. S.O.2905(E) dtd 7 Nov 2014; Extension Order for select products; Amendments: S.O.344(E) dtd 30 Nov 2015, S.O.2578(E) dtd 7 Aug 2015; Superseded by Electronics and IT Goods (Requirement of Compulsory Registration) Order, 2021; Amendment S.O.124(E) dtd 10 Mar 2026"
Electronics and IT Goods - Compulsory Registration Scheme (MeitY),49,IS/IEC 62368 Part 1:2023,Automatic Teller Cash dispensing machines,As per essential requirements/safety requirements of the cited IS standard,"Electronics & IT Goods (Requirement for Compulsory Registration) Order, 2012, dtd 13 Nov 2012, Notification No. S.O.2905(E) dtd 7 Nov 2014; Extension Order for select products; Amendments: S.O.344(E) dtd 30 Nov 2015, S.O.2578(E) dtd 7 Aug 2015; Superseded by Electronics and IT Goods (Requirement of Compulsory Registration) Order, 2021; Amendment S.O.124(E) dtd 10 Mar 2026"
Electronics and IT Goods - Compulsory Registration Scheme (MeitY),50,IS/IEC 62368 Part 1:2023,USB Type External Hard Disk Drive,As per essential requirements/safety requirements of the cited IS standard,"Amendment to Electronics and IT Goods (Requirement for Compulsory Registration) Order, 2021, S.O.2204(E) dtd 5 May 2026"
Electronics and IT Goods - Compulsory Registration Scheme (MeitY),51,IS/IEC 62368 Part 1:2023,Wireless Headphone and Earphone,As per essential requirements/safety requirements of the cited IS standard,"Electronics & IT Goods (Requirement for Compulsory Registration) Order, 2012, dtd 13 Nov 2012, Notification No. S.O.2905(E) dtd 7 Nov 2014; Extension Order for select products; Amendments: S.O.344(E) dtd 30 Nov 2015, S.O.2578(E) dtd 7 Aug 2015; Superseded by Electronics and IT Goods (Requirement of Compulsory Registration) Order, 2021; Amendment S.O.124(E) dtd 10 Mar 2026"
Electronics and IT Goods - Compulsory Registration Scheme (MeitY),52,IS/IEC 62368 Part 1:2023,USB Type External Solid-State Storage Devices (above 256 GB capacity),As per essential requirements/safety requirements of the cited IS standard,"Electronics & IT Goods (Requirement for Compulsory Registration) Order, 2012, dtd 13 Nov 2012, Notification No. S.O.2905(E) dtd 7 Nov 2014; Extension Order for select products; Amendments: S.O.344(E) dtd 30 Nov 2015, S.O.2578(E) dtd 7 Aug 2015; Superseded by Electronics and IT Goods (Requirement of Compulsory Registration) Order, 2021; Amendment S.O.124(E) dtd 10 Mar 2026"
Electronics and IT Goods - Compulsory Registration Scheme (MeitY),53,IS/IEC 62368 Part 1:2023,Electronic Musical System with input power below 200 Watts,As per essential requirements/safety requirements of the cited IS standard,"Electronics & IT Goods (Requirement for Compulsory Registration) Order, 2012, dtd 13 Nov 2012, Notification No. S.O.2905(E) dtd 7 Nov 2014; Extension Order for select products; Amendments: S.O.344(E) dtd 30 Nov 2015, S.O.2578(E) dtd 7 Aug 2015; Superseded by Electronics and IT Goods (Requirement of Compulsory Registration) Order, 2021; Amendment S.O.124(E) dtd 10 Mar 2026"
Electronics and IT Goods - Compulsory Registration Scheme (MeitY),54,IS/IEC 62368 Part 1:2023,Standalone Switch Mode Power Supplies (SMPS) with output voltage 48V (max),As per essential requirements/safety requirements of the cited IS standard,"Electronics & IT Goods (Requirement for Compulsory Registration) Order, 2012, dtd 13 Nov 2012, Notification No. S.O.2905(E) dtd 7 Nov 2014; Extension Order for select products; Amendments: S.O.344(E) dtd 30 Nov 2015, S.O.2578(E) dtd 7 Aug 2015; Superseded by Electronics and IT Goods (Requirement of Compulsory Registration) Order, 2021; Amendment S.O.124(E) dtd 10 Mar 2026"
Electronics and IT Goods - Compulsory Registration Scheme (MeitY),55,IS/IEC 62368 Part 1:2023,Television other than Plasma/LCD/LED TVs,As per essential requirements/safety requirements of the cited IS standard,"Electronics & IT Goods (Requirement for Compulsory Registration) Order, 2012, dtd 13 Nov 2012, Notification No. S.O.2905(E) dtd 7 Nov 2014; Extension Order for select products; Amendments: S.O.344(E) dtd 30 Nov 2015, S.O.2578(E) dtd 7 Aug 2015; Superseded by Electronics and IT Goods (Requirement of Compulsory Registration) Order, 2021; Amendment S.O.124(E) dtd 10 Mar 2026"
Electronics and IT Goods - Compulsory Registration Scheme (MeitY),56,IS 302 Part 2/Section 15:2009,Rice Cooker,As per essential requirements/safety requirements of the cited IS standard,"Electronics & IT Goods (Requirement for Compulsory Registration) Order, 2012, dtd 13 Nov 2012, Notification No. S.O.2905(E) dtd 7 Nov 2014; Extension Order for select products; Amendments: S.O.344(E) dtd 30 Nov 2015, S.O.2578(E) dtd 7 Aug 2015; Superseded by Electronics and IT Goods (Requirement of Compulsory Registration) Order, 2021; Amendment S.O.124(E) dtd 10 Mar 2026"
Electronics and IT Goods - Compulsory Registration Scheme (MeitY),57,IS/IEC 62368 Part 1:2023,Wireless microphone,As per essential requirements/safety requirements of the cited IS standard,"S.O.3429(E) dtd 1 Oct 2020; Superseded by Electronics and IT Goods (Requirement of Compulsory Registration) Order, 2021; Amendment S.O.124(E) dtd 10 Mar 2026"
Electronics and IT Goods - Compulsory Registration Scheme (MeitY),58,IS/IEC 62368 Part 1:2023,Digital Camera,As per essential requirements/safety requirements of the cited IS standard,"Electronics & IT Goods (Requirement for Compulsory Registration) Order, 2012, dtd 13 Nov 2012, Notification No. S.O.2905(E) dtd 7 Nov 2014; Extension Order for select products; Amendments: S.O.344(E) dtd 30 Nov 2015, S.O.2578(E) dtd 7 Aug 2015; Superseded by Electronics and IT Goods (Requirement of Compulsory Registration) Order, 2021; Amendment S.O.124(E) dtd 10 Mar 2026"
Electronics and IT Goods - Compulsory Registration Scheme (MeitY),59,IS/IEC 62368 Part 1:2023,Video Camera,As per essential requirements/safety requirements of the cited IS standard,"Electronics & IT Goods (Requirement for Compulsory Registration) Order, 2012, dtd 13 Nov 2012, Notification No. S.O.2905(E) dtd 7 Nov 2014; Extension Order for select products; Amendments: S.O.344(E) dtd 30 Nov 2015, S.O.2578(E) dtd 7 Aug 2015; Superseded by Electronics and IT Goods (Requirement of Compulsory Registration) Order, 2021; Amendment S.O.124(E) dtd 10 Mar 2026"
Electronics and IT Goods - Compulsory Registration Scheme (MeitY),60,IS/IEC 62368 Part 1:2023,Webcam (Finished Product),As per essential requirements/safety requirements of the cited IS standard,"Electronics & IT Goods (Requirement for Compulsory Registration) Order, 2012, dtd 13 Nov 2012, Notification No. S.O.2905(E) dtd 7 Nov 2014; Extension Order for select products; Amendments: S.O.344(E) dtd 30 Nov 2015, S.O.2578(E) dtd 7 Aug 2015; Superseded by Electronics and IT Goods (Requirement of Compulsory Registration) Order, 2021; Amendment S.O.124(E) dtd 10 Mar 2026"
Electronics and IT Goods - Compulsory Registration Scheme (MeitY),61,IS/IEC 62368 Part 1:2023,Smart Speakers (with and without Display),As per essential requirements/safety requirements of the cited IS standard,"Electronics & IT Goods (Requirement for Compulsory Registration) Order, 2012, dtd 13 Nov 2012, Notification No. S.O.2905(E) dtd 7 Nov 2014; Extension Order for select products; Amendments: S.O.344(E) dtd 30 Nov 2015, S.O.2578(E) dtd 7 Aug 2015; Superseded by Electronics and IT Goods (Requirement of Compulsory Registration) Order, 2021; Amendment S.O.124(E) dtd 10 Mar 2026"
Electronics and IT Goods - Compulsory Registration Scheme (MeitY),62,IS 60669-2-1:2008,Dimmers for LED products,As per essential requirements/safety requirements of the cited IS standard,"Electronics & IT Goods (Requirement for Compulsory Registration) Order, 2012, dtd 13 Nov 2012, Notification No. S.O.2905(E) dtd 7 Nov 2014; Extension Order for select products; Amendments: S.O.344(E) dtd 30 Nov 2015, S.O.2578(E) dtd 7 Aug 2015; Superseded by Electronics and IT Goods (Requirement of Compulsory Registration) Order, 2021; Amendment S.O.124(E) dtd 10 Mar 2026"
Electronics and IT Goods - Compulsory Registration Scheme (MeitY),63,IS/IEC 62368 Part 1:2023,Bluetooth speakers,As per essential requirements/safety requirements of the cited IS standard,"Electronics & IT Goods (Requirement for Compulsory Registration) Order, 2012, dtd 13 Nov 2012, Notification No. S.O.2905(E) dtd 7 Nov 2014; Extension Order for select products; Amendments: S.O.344(E) dtd 30 Nov 2015, S.O.2578(E) dtd 7 Aug 2015; Superseded by Electronics and IT Goods (Requirement of Compulsory Registration) Order, 2021; Amendment S.O.124(E) dtd 10 Mar 2026"
Electronics and IT Goods - Compulsory Registration Scheme (MeitY),64,IS 18112:2022,Television Sets (Digital Television Receiver for Satellite Broadcast Transmission),As per essential requirements/safety requirements of the cited IS standard,"Amendment to Electronics and IT Goods (Requirement for Compulsory Registration) Order, 2021, S.O.1929(E) dtd 26 Apr 2023; Extension of timelines: S.O.1363(E) dtd 21 Mar 2025, S.O.4362(E) dtd 25 Sep 2025, S.O.352(E) dtd 22 Jan 2026; Amendment S.O.124(E) dtd 10 Mar 2026; Further extension S.O.4182(E) dtd 26 Jul 2026"
Electronics and IT Goods - Compulsory Registration Scheme (MeitY),65,IS/IEC 62368 Part 1:2023,"Extended Reality Products (Augmented Reality, Virtual Reality, Mixed Reality etc.) - Migration from IS 13252 Part 1:2010 and IS 616:2017",As per essential requirements/safety requirements of the cited IS standard,"Migration to IS/IEC 62368 Part 1:2023 from IS 13252 Part 1:2010 and IS 616:2017, S.O.4997(E) dtd 4 Nov 2025; Amendment to Electronics and IT Goods (Requirement of Compulsory Registration) Order, 2021, S.O.1246(E) dtd 10 Mar 2026"
"Solar Photovoltaic Systems, Devices and Components - Compulsory Registration (MNRE)",1,IS 14286 / IS/IEC 61730-1 / IS/IEC 61730-2,Crystalline Silicon Terrestrial Photovoltaic (PV) modules (Si wafer based) - Design Qualification And Type Approval,"Design qualification, type approval and safety requirements as per cited IS standards","Solar Photovoltaic Systems, Devices and Component Goods (Requirement for Compulsory Registration) Order, 2017, S.O.2920(E) dtd 30 Aug 2017; S.O.1602(E) dtd 16 Apr 2018; S.O.2183(E) dtd 30 May 2018; S.O.5259(E) dtd 12 Oct 2018; S.O.444(E) dtd 24 Jan 2023; S.O.492(E) dtd 27 Jan 2025; Solar System, Devices and Component Goods Order, 2025 for SPV Inverters above 200 KW, S.O.359(E) dtd 5 Aug 2025"
"Solar Photovoltaic Systems, Devices and Components - Compulsory Registration (MNRE)",2,IS 16077 / IS/IEC 61730-1 / IS/IEC 61730-2,"Thin-Film Terrestrial Photovoltaic (PV) Modules (a-Si, CIGS and CdTe) - Design Qualification and Type Approval","Design qualification, type approval and safety requirements as per cited IS standards","Solar Photovoltaic Systems, Devices and Component Goods (Requirement for Compulsory Registration) Order, 2017, S.O.2920(E) dtd 30 Aug 2017; S.O.1602(E) dtd 16 Apr 2018; S.O.2183(E) dtd 30 May 2018; S.O.5259(E) dtd 12 Oct 2018; S.O.444(E) dtd 24 Jan 2023; S.O.492(E) dtd 27 Jan 2025; Solar System, Devices and Component Goods Order, 2025 for SPV Inverters above 200 KW, S.O.359(E) dtd 5 Aug 2025"
"Solar Photovoltaic Systems, Devices and Components - Compulsory Registration (MNRE)",3,IS 16221 Part 2,Power converters for use in photovoltaic power system - Particular Requirement for Inverters,"Design qualification, type approval and safety requirements as per cited IS standards","Solar Photovoltaic Systems, Devices and Component Goods (Requirement for Compulsory Registration) Order, 2017, S.O.2920(E) dtd 30 Aug 2017; S.O.1602(E) dtd 16 Apr 2018; S.O.2183(E) dtd 30 May 2018; S.O.5259(E) dtd 12 Oct 2018; S.O.444(E) dtd 24 Jan 2023; S.O.492(E) dtd 27 Jan 2025; Solar System, Devices and Component Goods Order, 2025 for SPV Inverters above 200 KW, S.O.359(E) dtd 5 Aug 2025"
"Solar Photovoltaic Systems, Devices and Components - Compulsory Registration (MNRE)",4,IS 16169,Power converters for use in photovoltaic power system - Particular Requirement for Inverters,"Design qualification, type approval and safety requirements as per cited IS standards","Solar Photovoltaic Systems, Devices and Component Goods (Requirement for Compulsory Registration) Order, 2017, S.O.2920(E) dtd 30 Aug 2017; S.O.1602(E) dtd 16 Apr 2018; S.O.2183(E) dtd 30 May 2018; S.O.5259(E) dtd 12 Oct 2018; S.O.444(E) dtd 24 Jan 2023; S.O.492(E) dtd 27 Jan 2025; Solar System, Devices and Component Goods Order, 2025 for SPV Inverters above 200 KW, S.O.359(E) dtd 5 Aug 2025"
"Solar Photovoltaic Systems, Devices and Components - Compulsory Registration (MNRE)",5,IS 16270,Utility-Interconnected Photovoltaic inverters - Test Procedure of Islanding Prevention Measures,"Design qualification, type approval and safety requirements as per cited IS standards","Solar Photovoltaic Systems, Devices and Component Goods (Requirement for Compulsory Registration) Order, 2017, S.O.2920(E) dtd 30 Aug 2017; S.O.1602(E) dtd 16 Apr 2018; S.O.2183(E) dtd 30 May 2018; S.O.5259(E) dtd 12 Oct 2018; S.O.444(E) dtd 24 Jan 2023; S.O.492(E) dtd 27 Jan 2025; Solar System, Devices and Component Goods Order, 2025 for SPV Inverters above 200 KW, S.O.359(E) dtd 5 Aug 2025"
Chemicals - Notified by Ministry of Chemicals and Fertilizers,1,IS 15:40,Ortho Phosphoric Acid,As per specification IS 15:40,"Ortho Phosphoric Acid (Quality Control) Amendment Order, 2021 (S.O.2335(E) dtd 15/06/2021; S.O.4914(E) dtd 29/11/2021); Amendment order for various chemicals dtd 13/05/2022; Amendment Order, 2024, S.O.1709(E) dtd 13 Apr 2024; Second Amendment Order, 2024, S.O.2975(E) dtd 26 Jul 2024"
Chemicals - Notified by Ministry of Chemicals and Fertilizers,2,IS 17439:2020,Polyphosphoric Acid,As per specification IS 17439:2020,"Polyphosphoric Acid (Quality Control) Order, 2021 (S.O.5388(E) dtd 24/12/2021); Amendment order for various chemicals dtd 13/05/2022"
Chemicals - Notified by Ministry of Chemicals and Fertilizers,3,IS 17412:2020,Trimethyl Phosphite - Technical Grade,As per specification IS 17412:2020,"Trimethyl Phosphite (Quality Control) Order, 2022 (S.O.1637(E) dtd 05/04/2022)"
Textile Material - Notified by Ministry of Textiles,1,IS 12171:2019,Cotton Bales,As per specification IS 12171:2019,"Cotton Bales (Quality Control) Order, 2023, S.O.948(E) dtd 28 Feb 2023; Amendment Orders, 2023: S.O.3557(E) dtd 7 Aug 2023, S.O.3830(E) dtd 28 Aug 2023, S.O.3469(E) dtd 13 Aug 2024, S.O.2996(E) dtd 3 Jul 2025, S.O.2956(E) dtd 9 Jun 2026"
